Week,Open.Price,High.Price,Low.Price,Close.Price,Average.No.of.Shares,No..of.Trades,Total.Turnover..Rs..,Spread.High.Low,Spread.Close.Open,WAP
1,225.33,229.32,223.45,225.92,209884,1743.4,47584524.6,5.87,0.59,226.72
2,230.4,236.51,227.73,232.13,268545,2403.4,62496778.2,8.78,1.73,232.72
3,246.7,251.78,244.36,250.36,318435,2536.2,79063591.4,7.42,3.66,248.29
4,248.56,253.09,244.59,248.13,199223,1825.6,49814803.6,8.5,-0.43,250.05
5,249.7,257.24,248.36,254.26,233014,1880.4,60067496.2,8.88,4.56,257.78
6,261.34,268.55,255.73,260.49,241118,2224,64192892.8,12.82,-0.85,266.23
7,261.83,265.54,256.05,258.85,160442,1631.2,41667528.4,9.49,-2.98,259.7
8,252.05,254.15,245.78,250.36,168776,1599.4,42082208.6,8.37,-1.69,249.34
9,259.4,267.75,256.22,259.89,259212,2374.4,68468526.6,11.53,0.49,264.14
10,254.17,256.87,244.03,248.67,133668,1197,32895081.8,12.84,-5.5,246.1
11,236.54,243.1,228.43,237.11,102903,1152.4,24286750.6,14.67,0.57,236.02
12,230.97,234.45,226.57,230.78,76046,769.4,17611127.6,7.88,-0.19,231.59
13,224.66,229.93,224.01,227.72,108466,1081.6,24512098.8,5.92,3.06,225.99
14,229.16,231.8,223.62,227,50426,900,11403704.6,8.18,-2.16,226.15
15,239.77,242.74,233.67,239.07,95084,1394.8,22414298.2,9.07,-0.7,235.73
16,238.89,241.37,235.82,239.21,26341,517.2,6322723.2,5.55,0.32,240.03
17,232.63,236.74,227.72,233.1,40356,642,9366731.2,9.02,0.47,232.1
18,236.44,239.53,233.11,236.19,56842,798.6,13442055.6,6.42,-0.25,236.48
19,236.52,242.49,232.11,236.59,61121,882.4,14529003.4,10.38,0.07,237.71
20,238.57,241,233.89,235.41,104023,1348.8,24614093.6,7.11,-3.16,236.62
21,232.43,234.07,229.68,231.99,109492,894.4,25366577.6,4.39,-0.44,231.68
22,231.5,233.44,229.51,232.13,49916,617.8,11526027.4,3.93,0.63,230.91
23,226.14,227.79,220.15,223.59,66837,858,14798135.6,7.64,-2.55,221.41
24,210.91,217.38,206.51,211.23,157732,1798.8,32985755.8,10.87,0.32,209.13
25,213.96,217.22,210.36,213.57,62830,566.6,13346807.2,6.86,-0.39,212.43
26,207.17,209.53,204.22,206.57,41009,446.4,8410337.6,5.31,-0.6,205.09
27,210.2,213.3,208.63,211.21,14607,286.8,3114218.2,4.67,1.01,213.2
28,222.35,226.06,221.5,223.47,115292,449.4,25557997.6,4.56,1.12,221.68
29,224.96,229.98,224.36,228.97,36924,481,8450601,5.62,4.01,228.86
30,234.72,235.73,231.29,233.54,34596,522.6,8092133.8,4.44,-1.18,233.9
31,231.31,233.79,229.82,231.7,38334,335.6,8897887.2,3.97,0.39,232.11
32,230.62,235.62,230.2,234.08,54935,616.8,12921892,5.42,3.46,235.22
33,235.5,236.58,234.52,235.29,27473,191.4,6457993.2,2.06,-0.21,235.07
34,235.41,236.49,232,234.31,32175,286.4,7554653.6,4.49,-1.1,234.8
35,234.13,236.05,232.21,233.59,26518,250.2,6229070,3.84,-0.54,234.9
36,209.6,216.3,200.62,208.55,71446,989.6,14572972.2,15.68,-1.05,203.97
37,209.37,215.38,203.86,211.34,56555,998.4,11768956.4,11.52,1.97,208.1
38,212.61,216.72,209.24,213.9,64444,832,13714110.4,7.48,1.29,212.81
39,212.47,214.77,210.51,213.81,83612,455.4,17748144.8,4.26,1.34,212.27
40,226.09,229.88,223.51,227.77,532363,758.6,122960756.8,6.37,1.68,230.97
41,228.7,230.8,222.35,224.96,62412,865.2,14210879.8,8.45,-3.74,227.69
42,220.01,220.94,217.94,219.11,178841,551.2,39454472.6,3,-0.9,220.61
43,221.67,221.68,217.66,219.42,91958,604.8,20194341,4.02,-2.25,219.6
44,219.85,221.88,218.75,220.34,87062,367.2,19119026.8,3.13,0.49,219.6
45,223.53,226,222.25,224.05,126272,718.2,28240727.6,3.75,0.52,223.65
46,226.39,228.49,221.1,225.07,464147,1106.4,105001882,7.39,-1.32,226.23
47,226.83,230.06,224.21,228.11,99606,634,22665600.4,5.85,1.28,227.55
48,226.97,227.54,221.8,225.09,89407,399.6,20046978,5.74,-1.88,224.22
49,220.59,222.98,217.87,221.46,45525,362.4,10018341.8,5.11,0.87,220.06
50,221.16,224.45,220.56,223.41,26187,336.8,5840164.2,3.89,2.25,223.02
51,223.9,226.07,222.21,224.32,41009,288.2,9185591.6,3.86,0.42,223.99
52,232.08,238.92,226.41,231.11,103729,1348.4,24422551.6,12.51,-0.97,235.45
53,235.59,240.44,234.44,238.6,35267,556.8,8420095.8,6,3.01,238.75
54,232.6,233.5,227.82,228.96,24857,306.2,5653075.4,5.68,-3.64,227.42
55,226.72,228.02,222.84,224.24,66211,429,14846790.4,5.18,-2.48,224.23
56,228.5,230.94,226.03,227.74,34338,393.2,7769545.6,4.91,-0.76,226.27
57,236.32,242.21,231.86,235.85,60723,1009.8,14640336.6,10.35,-0.47,241.1
58,239.45,246.1,235.3,240.08,50086,952.4,12068489.8,10.8,0.63,240.96
59,240,241.58,234.25,236.39,75894,824.2,17954532.4,7.33,-3.61,236.57
60,234.83,236.51,231.68,234.35,79250,564.8,18555372,4.83,-0.48,234.14
61,235.88,237.57,234.18,235.57,42351,473.4,9969619.8,3.39,-0.31,235.4
62,233.52,235.96,231.94,234.48,35845,332.2,8381877,4.02,0.96,233.84
63,232.62,232.95,227.21,228.9,44323,492.8,10083979.4,5.74,-3.72,227.51
64,226.87,227.43,223.45,225.54,66955,317,15024720.6,3.98,-1.33,224.4
65,228.15,229.09,222.43,225.5,90823,656.4,20406905.4,6.66,-2.65,224.69
66,224.81,226.2,222.04,223.32,47358,361,10517719.6,4.16,-1.49,222.09
67,219.12,220.83,216.71,218.44,93217,555.4,20336718.2,4.12,-0.68,218.17
68,221.26,222.96,218.86,221.56,48767,343,10771849,4.1,0.3,220.88
69,219.21,220.62,216.83,218.84,78928,316.8,17372673.4,3.79,-0.37,220.11
70,216.02,221.07,213.78,218.53,33016,322.2,7166442.4,7.29,2.51,217.06
71,223.12,227.28,221.13,224.77,86116,597.2,19260338.6,6.15,1.65,223.66
72,222.05,224.75,219.55,221.8,73584,542.4,16247738,5.2,-0.25,220.81
73,219.49,221.06,218.53,219.96,44650,375.2,9793758.6,2.53,0.47,219.35
74,219.7,220.19,216.47,217.84,36969,400.8,8020445,3.72,-1.86,216.95
75,211.64,213.69,206.68,209.51,53807,759,11102159.6,7.01,-2.13,206.33
76,212.37,214.33,209.67,212.42,32586,461,6890439,4.66,0.0499999999999999,211.45
77,211.31,212.48,208.74,210.14,52185,277.4,10949973.8,3.74,-1.17,209.83
78,210.85,213.15,208.81,211.85,38944,464.2,8244108.4,4.34,1,211.69
79,214,215.16,210.92,212.42,2132964,488.2,464178140.6,4.24,-1.58,217.62
80,210.21,212.35,208.59,210.6,356775,321.4,75235662.4,3.76,0.39,210.88
81,209.42,212.17,206.95,209.78,44704,288,9372850,5.22,0.36,209.66
82,209.76,211.46,208.77,210.71,22476,272,4727347.8,2.69,0.95,210.33
83,209.33,210.32,208.02,209.75,37700,288,7893516.4,2.3,0.42,209.38
84,209.31,210.81,208.84,209.95,8526,148.2,1789289,1.97,0.64,209.86
85,211.52,213.28,209.18,211.78,11821,210,2497992,4.1,0.26,211.32
86,213.91,218.94,213.87,217.6,21348,385,4662213.8,5.07,3.69,218.39
87,218.64,219.66,216.39,217.44,32765,304.2,7127133.8,3.27,-1.2,217.52
88,214.39,217.58,209.73,214.09,83668,857.8,17761645.8,7.85,-0.3,212.29
89,209.14,210.01,207.35,208.7,67736,531.4,14098365.4,2.66,-0.44,208.14
90,206.38,207.42,201.94,202.75,172186,809.6,34996047,5.48,-3.63,203.25
91,196.13,197.17,193.67,195.19,129284,680.4,25423834.6,3.5,-0.94,196.65
92,192.72,194.32,190.46,191.67,97349,804.8,18658053,3.86,-1.05,191.66
93,195.07,196.75,192.25,194.84,16569,226.2,3225885.6,4.5,-0.23,194.69
94,194.13,195.5,191.83,194.12,50095,360.2,9678798.6,3.67,-0.01,193.21
95,194.6,196.15,193.56,195.03,94270,581,18435834.8,2.59,0.43,195.56
96,195.28,196.12,194.55,195.3,101743,407,19857161,1.57,0.02,195.17
97,197.33,198.05,193.93,195.69,89443,525.4,17560225.8,4.12,-1.64,196.33
98,199.28,205.13,197.32,202.24,175360,1952.4,35180575.6,7.81,2.96,200.62
99,215.66,220.9,213.29,218.85,57397,995.2,12503939,7.61,3.19,217.85
100,218.18,219.66,214.71,217.06,38130,553,8249396.8,4.95,-1.12,216.35
101,215.87,217.76,213.95,216.32,30667,329.2,6635125.6,3.81,0.45,216.36
102,215.76,218.2,214.44,216,43332,619.8,9338677.2,3.76,0.24,215.51
103,222.7,227.81,221.41,226.9,67749,1097.6,15604992.8,6.4,4.2,230.34
104,236.08,238.42,230.34,234.58,68147,1037,15988987.4,8.08,-1.5,234.62
105,233.71,240.46,232.02,236.3,74737,936.2,17794169.8,8.44,2.59,238.09
106,244.1,247.58,242.67,245.86,58682,764.6,14473568.2,4.91,1.76,246.64
107,249.85,252.14,247.1,248.27,87127,848,21770315,5.04,-1.58,249.87
108,247.65,249.31,245.45,247.75,13046,291.6,3235675.6,3.86,0.1,248.02
109,244.91,247.2,241.24,243.3,2092364,752.8,518876902.4,5.96,-1.61,247.99
110,238.25,240.35,237.32,238.83,273632,515.6,65500101,3.03,0.58,239.37
111,239.56,242.3,237.82,240.8,111169,458.4,26651038.4,4.48,1.24,239.73
112,232.66,237.01,229.36,233.4,44049,304.4,10357279.6,7.65,0.74,235.13
113,233.98,237.58,232.55,235.05,207579,455.6,48589340.6,5.03,1.07,234.08
114,238.39,245.38,234.89,238.37,60163,553.4,14452870,10.49,-0.02,240.23
115,244.54,246.19,241.81,244.09,88870,513.6,21385477.8,4.38,-0.45,240.64
116,242.06,244.57,239.5,241.94,20131,332,4917464,5.07,-0.12,244.27
117,247.15,251.71,245.09,248.74,194219,1119.2,48339474.2,6.62,1.59,248.89
118,244.94,246.32,242.25,244.21,17362,236.8,4234577.6,4.07,-0.73,243.9
119,247.37,250.86,244.44,248.55,35745,488.4,8846633.2,6.42,1.18,247.49
120,248.62,250.88,242.54,244.62,352570,431.4,87493258.2,8.34,-4,248.16
121,245.52,249.58,244.07,247.22,54706,780,13564841.8,5.51,1.7,247.96
122,255.28,261.05,252.87,255.89,69380,966.4,17859291,8.18,0.61,257.41
123,253.96,255.92,250.35,252.06,76436,500.6,19381320.4,5.57,-1.9,253.56
124,247.77,248.63,243.17,244.48,176480,543.4,43102590,5.46,-3.29,244.23
125,253.76,258.25,250.35,255.7,106787,1165,27023187.6,7.9,1.94,253.06
126,282.06,294.12,274.63,281.88,539556,2534.6,152497964.8,19.49,-0.18,282.64
127,284.3,290.63,277.54,283.23,84761,1150.8,24195190.8,13.09,-1.07,285.45
128,276.62,278.26,266.7,270.32,373823,908.6,100763006.8,11.56,-6.3,269.55
129,263.68,268.13,260.7,265.26,88346,858.8,23342809.6,7.43,1.58,264.22
130,270.58,274.96,266.49,271.1,181248,920.2,49000672,8.47,0.52,270.35
131,273.99,278.23,269.32,273.19,70833,577.4,19246649,8.91,-0.8,271.72
132,276.31,283.4,274.09,279.39,53045,747.8,14804503,9.31,3.08,279.09
133,286.25,288.14,276.95,282.18,59827,728.4,16900982,11.19,-4.07,282.5
134,279,284.09,275.88,279.27,144923,880.6,40551630.8,8.21,0.27,279.82
135,276.9,282.25,274.84,278.57,63442,658.2,17761919,7.41,1.67,279.97
136,277.38,278.44,270.49,273.41,101390,894.8,27948653,7.95,-3.97,275.65
137,267.74,272.35,264.89,268.58,38583,623.2,10362718.6,7.46,0.84,268.58
138,275.89,282.08,273.11,278.71,159930,1854.2,44506722.6,8.97,2.82,278.29
139,311.4,319.78,304.26,310.18,188051,3001.6,58524895,15.52,-1.22,311.22
140,312.33,316.84,308.69,311.73,466114,2518.4,145287004.4,8.15,-0.6,311.7
141,308.96,312.73,302.48,306.82,72887,1108.6,22672294.2,10.25,-2.14,311.06
142,308.96,315.8,306.38,310.3,88630,1095.6,27753268.2,9.42,1.34,313.14
143,314.94,317.67,309.25,312.16,97222,1370.8,30514239,8.42,-2.78,313.86
144,308.54,309.37,301.19,304.47,96321,1164.8,29415496,8.18,-4.07,305.39
145,301.05,303.91,297,300.84,73395,811,21919714.4,6.91,-0.21,298.65
146,300.35,305.6,297.7,301.26,78464,898.6,23773898,7.9,0.91,302.99
147,314.58,321.67,312,318.69,524615,2600,170603580.6,9.67,4.11,325.2
148,331.45,340.58,326.66,335.84,141106,1862.4,47813100,13.92,4.39,338.85
149,357.78,362.5,351.13,356.34,117763,1468.8,41876533,11.37,-1.44,355.6
150,357.55,361.49,352.35,356.9,62325,838.2,22273415.6,9.14,-0.65,357.38
151,369.25,376.56,362.02,367.06,77664,1190.6,28597213.8,14.54,-2.19,368.22
152,366.68,370.93,359.14,363.2,207309,2245,75779617.4,11.79,-3.48,365.54
153,372.43,382.26,366.63,372.47,364466,3390.2,138300498.8,15.63,0.04,379.46
154,371.82,375.31,363.57,368.23,307709,1758.2,114728134.6,11.74,-3.59,372.85
155,357.25,361.34,347.84,352.84,149421,1514,52637618.2,13.5,-4.41,352.28
156,354.95,363.78,348.95,359.66,161557,1789.6,57711215.2,14.83,4.71,357.22
157,376.8,378.38,372.3,376.57,127578,1296.4,47834722.2,6.08,-0.23,374.94
158,370.98,376.26,364.89,371.51,82949,1139.8,30760946.4,11.37,0.53,370.84
159,370.19,380.51,366.74,375.67,126072,1386.8,47542665.6,13.77,5.48,377.11
160,383.67,387.18,375.45,379.32,58096,1025,22211092,11.73,-4.35,382.32
161,366.87,371.72,358.19,365.91,100320,1549.4,36354490,13.53,-0.96,362.39
162,350.27,356.76,343.36,349.48,37670,889.4,13070717.8,13.4,-0.79,346.98
163,367.25,376.19,363.45,372.61,83577,1006,30891828,12.74,5.36,369.62
164,385.61,391.71,378.63,384.08,84668,1364.4,32817211.2,13.08,-1.53,387.6
165,381.85,385.7,375.38,379.6,139463,916.8,53083635.4,10.32,-2.25,380.63
166,377.2,380.24,372.9,375.35,101682,890.4,38177882.4,7.34,-1.85,375.46
167,378.35,384.85,372.6,379.5,40665,790.6,15439154.8,12.25,1.15,379.67
168,385.96,388.87,375.46,378.96,127610,835.2,48447521.6,13.41,-7,379.65
169,368.98,378.52,358.21,371.41,145854,1148.4,53961259,20.31,2.43,369.97
170,337.6,362.54,312.43,342.88,99420,1623.4,33562054.8,50.11,5.28,337.58
171,373.97,376.4,362.87,370.45,52353,968.4,19346250.8,13.53,-3.52,369.53
172,361.05,366.13,348.29,353.39,50303,1178,17794435.6,17.84,-7.66,353.75
173,367.52,378.11,360.44,366.39,163559,2027.2,61634535.4,17.67,-1.13,376.83
174,369,372.2,363.39,369.12,162545,1874,59422356.8,8.81,0.12,365.57
175,375.31,381.3,365.24,373.41,163763,2065.4,60155774.6,16.06,-1.9,367.33
176,370.18,371.75,364.3,368.99,153180,1454,56081552.2,7.45,-1.19,366.12
177,362.53,368.97,356.24,366.42,103905,1253.2,37627882,12.73,3.89,362.14
178,368.27,370.68,362.45,365.71,202504,690,74019891.4,8.23,-2.56,365.52
179,369.86,372.85,366.04,368.96,76854,1291,28386306.6,6.81,-0.9,369.35
180,372.93,377.43,368.73,373.44,121374,1582.6,45336495.2,8.7,0.51,373.53
181,368.7,371.89,364.43,367.72,71737,978.6,26347244.2,7.46,-0.98,367.28
182,370.69,373.77,366.79,370.37,325208,696.6,119201129.6,6.98,-0.32,366.54
183,363.38,364.71,359.96,360.89,63808,351.4,23156806.2,4.75,-2.49,362.91
184,370.37,376.06,365.55,372.58,35548,841,13261750.2,10.51,2.21,373.07
185,370.66,372.67,366.59,369.52,17772,428,6561839.6,6.08,-1.14,369.22
186,383.29,392.28,376.7,384.86,261381,2931,101085976,15.58,1.57,386.74
187,393.61,399.39,388.38,394.33,151097,2277.4,59909327,11.01,0.72,396.5
188,408.03,413.03,399.99,407.44,238544,2684.2,97093816,13.04,-0.59,407.03
189,405.05,409.44,400.14,404.05,159956,1996.8,64886393,9.3,-1,405.65
190,413.63,416.93,406.55,411.72,115554,1460.6,47649155.8,10.38,-1.91,412.35
191,405.55,408.94,401.31,404.98,61609,671.8,25028179,7.63,-0.57,406.24
192,410.53,413.9,406,409.61,76238,1133.8,31291751.2,7.9,-0.92,410.45
193,415.67,419.7,412,415.42,174450,1724.6,72715243.4,7.7,-0.25,416.83
194,427.17,434.05,423.9,431.21,231094,1509.2,98391922.8,10.15,4.04,425.77
195,465.41,475.01,462.05,470.26,107666,1893.6,50351595.2,12.96,4.85,467.66
196,483,487.76,477.78,482.81,151911,1838.2,73238408.4,9.98,-0.19,482.11
197,492.05,498.74,486.78,491.86,80886,1286.4,39891504.6,11.96,-0.19,493.18
198,484.89,489.38,476.11,480.15,156717,1477.6,75853461,13.27,-4.74,484.02
199,476.54,479.03,470.06,473.02,163085,1419.8,77265404.8,8.97,-3.52,473.77
200,490.15,495.15,482.49,488.77,109055,1697.6,53500459.6,12.66,-1.38,490.58
201,504.01,510.49,499.73,505.74,48818,977.6,24667270.2,10.76,1.73,505.29
202,517.52,525,508.48,516.57,48112,939.4,24776012.8,16.52,-0.95,514.97
203,490.8,497.93,477.01,485.17,89153,1352.8,43962352.2,20.92,-5.63,493.11
204,507,520.37,500.47,513.18,97735,1790.8,49864394.8,19.9,6.18,510.2
205,514.07,530.27,503.77,517.99,280113,2707.2,144023122.6,26.5,3.92,514.16
206,561.48,572.14,551.65,563.57,105491,1741.4,59024213.2,20.49,2.09,559.52
207,574.11,581.17,565.58,574.57,73189,1234.6,42156072,15.59,0.46,575.99
208,566.01,571.48,559.34,562.79,108226,1067.6,61377593,12.14,-3.22,567.12
209,564.9,569.4,558.12,565.13,157787,975.8,88605571.6,11.28,0.23,561.55
210,579.38,587.7,573.69,580.51,116790,1568.6,67960111.2,14.01,1.13,581.9
211,608.09,620.88,603.06,611.89,2422271,2055,1489237985,17.82,3.8,614.81
212,589.43,595.74,582.2,585.94,123644,468.2,71976610.6,13.54,-3.49,582.13
213,550.29,553.84,533.38,539.18,80509,575,43142982,20.46,-11.11,535.88
214,540.7,547.99,534.65,543.53,38663,369.4,20845844.2,13.34,2.83,539.17
215,553.73,563.78,544.27,552.52,162032,408.4,89423000,19.51,-1.21,551.88
216,550.48,552.71,535.96,541.85,146031,989.8,78633194.4,16.75,-8.63,538.47
217,541.88,547.34,533.74,541.72,35171,418.4,18987793.4,13.6,-0.16,539.87
218,540.38,542.07,532.01,537.82,52923,253.2,28441887.4,10.06,-2.56,537.42
219,539.72,547.28,536.26,541.19,42197,352.6,22814054.4,11.02,1.47,540.66
220,535.21,538.81,529.86,534.69,51554,300.8,27518192,8.95,-0.52,533.77
221,540.99,546.38,534.61,541.19,38900,280.6,20969941.4,11.77,0.2,539.07
222,537.94,542.74,528.9,539.22,92154,308,49673480,13.84,1.28,539.03
223,541.22,547.24,536.9,542.47,91761,225.2,50064349.2,10.34,1.25,545.6
224,580.48,591.56,569.42,582.18,58099,623.6,33771879.2,22.14,1.7,581.28
225,592.05,597.59,588.44,594.52,393376,485.4,233888704.6,9.15,2.47,594.57
226,589.65,597.9,581.28,588.02,59117,561.8,34824904.8,16.62,-1.63,589.08
227,608.27,623.38,600.38,614.84,2980644,1292.4,1882824794,23,6.57,631.68
228,641.7,654.03,637.33,646.55,275870,942.2,177867317,16.7,4.85,644.75
229,648.02,653.04,634.14,640.86,259274,1017,166406987.8,18.9,-7.16,641.82
230,642.58,655.26,636.48,648.22,155280,765.4,103861555,18.78,5.64,668.87
231,682.06,697.05,656.63,681.47,145693,1569.6,101178012.2,40.42,-0.59,694.46
232,673.08,679.85,663.93,669.57,287916,676.6,194377645.8,15.92,-3.51,675.12
233,663.93,674.56,651.54,655.98,108005,613.2,71333135.4,23.02,-7.95,660.46
234,658.6,664.38,642.63,656.3,66840,433.8,43470052,21.75,-2.3,650.36
235,645.47,650.74,634.93,641.9,69685,548.8,44588845.8,15.81,-3.57,639.86
236,644.34,649.14,634.23,641.33,29981,384.4,19190443.8,14.91,-3.01,640.09
237,673.8,687.38,666.86,683.22,77264,748.6,52531622.2,20.52,9.42,679.9
238,710.45,721.67,695.02,709.08,84519,1140.8,60454637.2,26.65,-1.37,715.28
239,682.71,695.07,673.47,683.63,116944,1196.4,80591678.6,21.6,0.92,689.15
240,696.87,703.6,685.27,693.75,128526,1135,89660479.2,18.33,-3.12,697.61
241,680.37,686.31,669.31,678.87,66220,909,44884630.8,17,-1.5,677.81
242,650.58,659.4,636.05,650.98,104464,1032,68321018,23.35,0.4,654.01
243,631.41,638.44,619.55,625.39,94773,748.8,59818837,18.89,-6.02,631.18
244,627.54,633.89,617.05,623.67,2255244,790.2,1415360579,16.84,-3.87,627.59
245,642.48,661.18,636.71,652.85,450056,1861.2,288535949.4,24.47,10.37,641.11
246,690.1,697.86,682.48,689.09,100020,1214,69020338.6,15.38,-1.01,690.07
247,695.78,700.35,687.78,691.3,65777,693,45520173.8,12.57,-4.48,692.04
248,693.96,702.1,681.25,690.17,70611,950,49141005,20.85,-3.79,695.94
249,690.6,699,684.69,690.69,92672,609.8,64209178.6,14.31,0.0900000000000001,692.86
250,708.12,723.38,698.22,714.06,229427,1839.4,163911122.8,25.16,5.94,714.44
251,729.8,736.9,714.06,722.98,82743,1275.8,60250668.6,22.84,-6.82,728.17
252,713.53,718.41,705.62,708.85,49138,805.4,34922783.8,12.79,-4.68,710.71
253,745.94,758.29,733.12,749.01,178854,1940.6,133736878.8,25.17,3.07,747.74
254,736.66,750.72,728.13,740.18,72482,1053.4,53699716.6,22.59,3.52,740.87
255,730.2,735.16,717.47,721.43,184216,1531.2,132978517.6,17.69,-8.77,721.86
256,745.06,757.4,732.71,742.8,138013,1405,102511780.6,24.69,-2.26,742.77
257,750.41,760.61,737.97,754.52,162214,1420.4,122115692.4,22.64,4.11,752.81
258,750.99,762.58,739.42,746.46,88006,967.2,65850821.2,23.16,-4.53,748.25
259,727.85,730.03,715.65,721.14,119613,1285.6,86296684.8,14.38,-6.71,721.47
260,737.9,748.52,729.63,744.77,167271,1190.4,124642587.2,18.89,6.87,745.15
261,756.55,762.92,746.03,754.82,2485009,818.2,1873754310,16.89,-1.73,754.02
262,766.83,773.77,752.72,764.53,140151,1003.4,107221245,21.05,-2.3,765.04
263,749.11,757.48,739.45,744.86,570202,727.4,425573623.2,18.03,-4.25,746.36
264,756.02,770,748.59,761.03,110829,900,83719899.8,21.41,5.01,755.4
265,817.98,836.95,804.19,823.53,90749,1388.8,74612054.6,32.76,5.55,822.18
266,828.69,839.06,814.1,829.97,97421,1446.6,80987021.2,24.96,1.28,831.31
267,835.52,851.59,821.3,831.37,332730,1091.6,279564082.8,30.29,-4.15,840.21
268,832.52,857.48,819.64,847.8,153897,1214.6,128196551.4,37.84,15.28,833
269,874.23,887.35,856.67,868.3,449950,834.8,390924329.6,30.68,-5.93,868.82
270,852.94,862.58,828.88,847.32,91956,925,77549015.8,33.7,-5.62,843.33
271,797.25,803.49,740.61,782.07,124724,1975.6,95901411.2,62.88,-15.18,768.91
272,753.45,774.26,741.04,752.65,53681,875.4,40507286.8,33.22,-0.8,754.59
273,738.29,749.93,706.24,727.5,93091,1256.4,66036330.8,43.69,-10.79,709.37
274,675.81,705.26,650.46,679.38,162219,1715.8,109311499.2,54.8,3.57,673.85
275,718.34,738.19,709.64,723.33,114954,1495.6,84668481.8,28.55,4.99,736.54
276,736.1,759.37,724.02,743.54,143739,1124.2,106592978.6,35.35,7.44,741.57
277,761.02,795.93,758,782.04,366738,1825.4,290275473.8,37.93,21.02,791.51
278,784.56,791.16,766.03,778.13,133439,1016.8,105811812.4,25.13,-6.43,792.96
279,729.93,735.31,711.65,718.77,112198,2043.8,80801790.6,23.66,-11.16,720.17
280,731.01,751.32,719.44,741.97,65845,1869,48761533.2,31.88,10.96,740.55
281,785.41,794.38,775.71,787.56,159740,1468.2,125314802.4,18.67,2.15,784.49
282,797.21,809,793.21,804.51,201556,1122.8,161819258.2,15.79,7.3,802.85
283,819.36,829.51,810.83,823.32,116178,948.8,97140701,18.68,3.96,836.14
284,846.9,856.88,832.81,847.69,46903,823,39609643,24.07,0.79,844.5
285,849.97,854.09,840.01,846.76,164929,711.6,141227260.6,14.08,-3.21,856.29
286,864.84,876.74,857.18,867.68,79448,1142.8,68559444.6,19.56,2.84,862.95
287,849.8,864.8,835.07,850.24,116400,1436.8,98398306.8,29.73,0.44,845.35
288,873.93,884.6,869.28,878.87,62261,952.4,54636705.6,15.32,4.94,877.54
289,887.14,904.29,878.98,893.66,123966,1699.2,111038396.8,25.31,6.52,895.72
290,932.82,940.9,909.36,920.82,69619,1272.4,64209323.8,31.54,-12,922.3
291,952.6,964.17,944.64,956.65,72715,1118.6,70025626.8,19.53,4.05,963.01
292,1008.58,1024.58,974.01,992.28,266426,3510,270495806,50.57,-16.3,1015.28
293,981.9,997.25,970.63,989.81,69409,1320.6,68923450,26.62,7.91,993
294,1011.2,1018.34,992.09,1001.07,56341,1074.2,56683868.2,26.25,-10.13,1006.09
295,1017.84,1033.97,1009.47,1022.63,104322,1402.4,107249489.6,24.5,4.79,1028.06
296,1090.25,1113.58,1073.6,1099.38,198342,2687.2,218260388.2,39.98,9.13,1100.42
297,1101.47,1117.04,1080.85,1098.17,90862,1906.6,99634044.8,36.19,-3.3,1096.54
298,1110.15,1120.92,1096.63,1102.96,88465,1060.4,97672676.8,24.29,-7.19,1104.08
299,1095.8,1105.74,1065.03,1078.57,50332,1447.2,54097973.2,40.71,-17.23,1074.82
300,1046.6,1067.38,1024.86,1048.25,77703,2046,81273312.2,42.52,1.65,1045.95
301,1030.73,1037.49,1008.88,1020.46,99751,1436,102485369.6,28.61,-10.27,1027.41
302,1065.12,1079.94,1053.89,1068.03,29756,983,31851776.8,26.05,2.91,1070.43
303,1037.46,1046.44,1018,1028.79,249322,1465.6,260158872,28.44,-8.67,1043.47
304,1058.79,1077.98,1042.09,1062.09,173972,2696.6,184751800.8,35.89,3.3,1061.96
305,1058.08,1068.81,1044.5,1054.74,55706,1190,58775290.6,24.31,-3.34,1055.1
306,1076.6,1096.13,1063.04,1082.42,156666,1781.2,168980684.2,33.09,5.82,1078.6
307,1105.07,1112.34,1086.07,1100.03,62532,1159.6,68675946,26.27,-5.04,1098.25
308,1061.11,1074.86,1041.4,1051.17,487892,1636.8,502316414.8,33.46,-9.94,1029.56
309,1012.98,1016.38,975.26,988.07,434535,1527.4,441614836,41.12,-24.91,1016.29
310,955.72,968.68,922.78,953.49,178440,2631.6,168699154.2,45.9,-2.23,945.41
311,951.11,974.35,927.65,951.08,73801,1711.4,69761342,46.7,-0.03,945.26
312,945.61,950.06,912.35,928.26,53268,1224.4,49599223.6,37.71,-17.35,931.13
313,983.4,998.58,964.08,986.16,151136,2121.6,147542325.6,34.5,2.76,976.22
314,937,951.35,921.27,930.49,368138,2102.4,343790895,30.08,-6.51,933.86
315,951.32,969.85,942.85,962.61,362560,1309.2,340360172.4,27,11.29,938.77
316,976,989.59,963.27,972.51,55620,1057,54350788,26.32,-3.49,977.18
317,982.5,1013.1,975.75,1001.93,370355,1955.4,371029958.2,37.35,19.43,1001.82
318,1021.48,1034.38,1002.48,1017.45,64453,1363.6,65700947.2,31.9,-4.03,1019.36
319,1003,1009.86,990.92,999.29,178219,1401.4,179045369.4,18.94,-3.71,1004.64
320,1021.26,1045.4,1011.4,1029.66,475766,2302.8,488085733.4,34,8.4,1025.89
321,1100.96,1115.03,1086.11,1098.02,79754,1975.4,87894198.2,28.92,-2.94,1102.07
322,1164.62,1176,1112.13,1133.61,98843,2099.4,111775315.6,63.87,-31.01,1130.84
323,1141,1148.48,1118.13,1130.42,56188,1465.8,63589932.2,30.35,-10.58,1131.74
324,1089.52,1112.31,1076.53,1094.98,73957,1013.2,81327135.6,35.78,5.46,1099.65
325,1106.4,1116.78,1092.23,1098.35,56450,1152.6,62269488.4,24.55,-8.05,1103.09
326,1098.82,1115.21,1086.79,1106.05,119515,1436.2,130580193.6,28.42,7.23,1092.58
327,1147.8,1160.1,1129.54,1145.65,73250,1216.4,83735932.4,30.56,-2.15,1143.15
328,1170.6,1196.39,1156.22,1179.72,168983,2374.4,199973064.6,40.17,9.12,1183.39
329,1215.23,1226.4,1186.66,1204.23,56212,1134,67748255.4,39.74,-11,1205.23
330,1207,1232.09,1180.51,1219.82,85555,1392.2,102566382,51.58,12.82,1198.84
331,1160.25,1184.32,1134.22,1165.01,90100,1343.6,104761067.2,50.1,4.76,1162.72
332,1142.88,1165.46,1122.39,1147.11,89317,1452.4,102027204.4,43.07,4.23,1142.3
333,1119.34,1131.12,1097.13,1114.16,110347,1368.2,121228392.8,33.99,-5.18,1098.61
334,1121.4,1132.58,1091.95,1109.05,64183,1038.6,71086091.4,40.63,-12.35,1107.55
335,1149.25,1185.79,1142.87,1167.63,82981,1475.2,96859713.6,42.92,18.38,1167.25
336,1174.87,1197.29,1163.91,1185.34,80852,894,95445603.6,33.38,10.47,1180.5
337,1208.2,1224.6,1196,1207.36,47489,994,57541716.2,28.6,-0.84,1211.69
338,1292.9,1318.98,1281.49,1310.27,100751,1890,131936930,37.49,17.37,1309.53
339,1404.38,1428.11,1359.84,1409.76,91746,1337.2,128142877.2,68.27,5.38,1396.71
340,1411.52,1428.24,1395.73,1410.51,95563,1287.6,135184598.2,32.51,-1.01,1414.61
341,1459.41,1480.16,1433.07,1460.49,84779,1945.4,123590467.8,47.09,1.08,1457.8
342,1390.6,1458.26,1328.16,1408.55,95404,1456.4,134948714.2,130.1,17.95,1414.5
343,1574.4,1599.2,1526.72,1570.16,246901,1830.6,370387521.4,72.48,-4.24,1500.15
344,1658.87,1745.24,1645.31,1700.58,44347,1340.4,75204965.2,99.93,41.71,1695.83
345,1569.48,1617.15,1513.02,1553.91,63926,1638.4,99248783.2,104.13,-15.57,1552.56
346,1678.18,1723.8,1636.89,1684.45,96583,2512.8,162864572,86.91,6.27,1686.27
347,1619.79,1637.38,1576.14,1603.18,63327,1515.4,100974683.4,61.24,-16.61,1594.5
348,1698.36,1720.17,1654.61,1681.57,73468,1597,123366540.6,65.56,-16.79,1679.19
349,1729.8,1761.37,1692.66,1720.64,75640,1485.8,129843668.2,68.71,-9.16,1716.6
350,1725.2,1748,1690.16,1721.08,78928,1345.8,136343638.6,57.84,-4.12,1727.44
351,1685.1,1705.77,1663.83,1689.17,45164,1003.2,75977979,41.94,4.07,1682.27
352,1720.4,1740.19,1691.86,1720.63,117495,948.6,200276483.8,48.33,0.23,1704.55
353,1706.22,1735.45,1681.8,1707.15,113763,1974.6,195342405,53.65,0.93,1717.1
354,1753.08,1774.51,1700.13,1731.66,165625,2108.8,291561357.8,74.38,-21.42,1760.37
355,1534,1596.59,1449.01,1515,127690,2419.6,193127307.2,147.58,-19,1512.47
356,1566.01,1608.78,1496,1563.59,109157,2327.6,169960234.4,112.78,-2.42,1557.03
357,1542.71,1569.54,1489.87,1524,288862,2121.4,433407778.4,79.67,-18.71,1500.4
358,1456.22,1494.6,1417.56,1452.29,62407,2019.2,90099904.4,77.04,-3.93,1443.75
359,1554.92,1577.9,1518.59,1553.38,28777,1354.6,44353294.8,59.31,-1.54,1541.28
360,1470.18,1501.16,1436.66,1455.09,203049,4666.6,291612047,64.5,-15.09,1436.17
361,1403.68,1409.62,1331.71,1364.8,74916,2802.2,101446894.2,77.91,-38.88,1354.14
362,1319,1358.88,1273.6,1324.55,66912,2472.4,88693906.6,85.28,5.55,1325.53
363,1261.86,1324.8,1238.24,1299.12,125713,3921.2,161048161.8,86.56,37.26,1281.08
364,1387.4,1415.4,1337.68,1381.05,148805,4594.2,207226270.4,77.72,-6.35,1392.6
365,1321.22,1343.5,1291.43,1309.67,99101,3026.6,130387143,52.07,-11.55,1315.7
366,1327.51,1360.77,1300.68,1330.06,92522,3233.2,122789044,60.09,2.55,1327.13
367,1418.71,1470.96,1383.2,1443.66,137894,5339.2,194788292.4,87.76,24.95,1412.59
368,1518,1547.03,1490.06,1523.47,82802,3560.6,125837602,56.97,5.47,1519.74
369,1525.67,1539.93,1497.78,1514.61,55221,1740.2,83484956.4,42.15,-11.06,1511.83
370,1472.19,1493.88,1459.34,1479.45,59843,1580.8,88349693.4,34.54,7.26,1476.36
371,1418.8,1428.04,1384.8,1397.85,116177,2557.8,162500873.2,43.24,-20.95,1398.74
372,1391.3,1406.8,1310.24,1334.34,74383,2024.6,99228224.2,96.56,-56.96,1334.02
373,1249.39,1264,1203.4,1232.53,75080,2718.2,91934474.2,60.6,-16.86,1224.49
374,1154.2,1179.12,1123.35,1150.76,167731,4216.6,191221309.8,55.77,-3.44,1140.05
375,1143.59,1170.7,1117.34,1138.06,222246,5366.6,256400989.6,53.36,-5.53,1153.68
376,1051.99,1066.31,1017.82,1042.74,156440,3681.4,162879440.6,48.49,-9.25,1041.16
377,994.22,1027.14,960.22,995.24,228395,4261.6,227780481.6,66.92,1.02,997.31
378,1037.21,1060.6,1005.83,1043.01,362929,7355.4,374076944,54.77,5.8,1030.72
379,980.42,1012.82,946.61,978.92,301420,10941,295064037.4,66.21,-1.5,978.91
380,1166.6,1199.46,1126.48,1154.91,341941,9956.2,394303453.4,72.98,-11.69,1153.13
381,1084.91,1120.7,1048.76,1086.52,379645,10143.4,406944493.4,71.94,1.61,1071.91
382,1217.16,1277.14,1205.5,1248.75,481088,14569.6,602186436.4,71.64,31.59,1251.72
383,1224.6,1244,1195.64,1212.83,248883,8445.8,304948271,48.36,-11.77,1225.27
384,1204.76,1239.4,1178.05,1212.39,204878,8712.2,248808428.6,61.35,7.63,1214.42
385,1257.6,1298.92,1239.47,1272.71,342201,10857.8,442881200.2,59.45,15.11,1294.21
386,1298.3,1313.04,1271.45,1284.42,448038,10727.8,577586877.6,41.59,-13.88,1289.15
387,1231.84,1254.36,1187.67,1223.36,407019,10003.6,494875894.2,66.69,-8.48,1215.85
388,1249.83,1288.99,1215.31,1267.67,433043,9997.6,527345499,73.68,17.84,1217.77
389,1239.42,1281.64,1203.83,1253.23,305075,10575.2,379186229.6,77.81,13.81,1242.93
390,1178.84,1204.99,1101.23,1150.96,587903,14103.8,649395692.4,103.76,-27.88,1104.6
391,1118.07,1167.77,1064,1112.86,418039,16349.2,469888445.2,103.77,-5.21,1124.03
392,1061.99,1100.86,1015.18,1053.26,343300,14676.6,357820756,85.68,-8.73,1042.3
393,1001,1027.1,946.69,987.42,327525,10832.6,329816185.4,80.41,-13.58,1007
394,1085.99,1128.18,1046.95,1089.94,318821,13330.4,346280627.6,81.23,3.95,1086.13
395,1011.71,1028.7,960.54,978.77,544733,15956,529762920.8,68.16,-32.94,972.52
396,861.85,889.4,823.44,846.52,504943,17234.4,431568921.2,65.96,-15.33,854.69
397,895.71,926.06,864.29,898.8,398266,15140.8,355270870.6,61.77,3.09,892.04
398,911.33,940.04,886.78,908.37,484708,15185.4,444787270.2,53.26,-2.96,917.64
399,950.9,994.99,936.73,982.35,324252,10731.2,317114692,58.26,31.45,977.99
400,1019.99,1038.12,984.38,1001.95,241151,9509,244557155.4,53.74,-18.04,1014.12
401,1009.04,1025.26,989.23,1009.41,227260,8643,229183956,36.03,0.370000000000001,1008.47
402,1040.6,1073.6,1004.93,1034.21,356356,11381.6,370359688.6,68.67,-6.39,1039.3
403,971.6,980.12,940.49,953.46,402904,14458,387751496.4,39.63,-18.14,962.39
404,912.14,918.72,882.29,890.82,282463,8177.2,252330621.8,36.43,-21.32,893.32
405,907.65,922.84,895.01,909.24,195153,5898.6,177266845.4,27.83,1.59,908.35
406,903.2,921.82,894.6,908.97,197932,5912.6,180461160,27.22,5.77,911.73
407,933.24,937.63,911.56,921.14,196285,5186.4,179997848.8,26.07,-12.1,917.02
408,873.2,880.4,858.19,869.88,166160,4553.8,144334500.4,22.21,-3.32,868.65
409,853.8,867.28,834.9,854.67,291979,6351.6,247350469,32.38,0.87,847.15
410,811.82,832.45,790.17,806.95,703836,10878.2,570941187.2,42.28,-4.87,811.18
411,838.91,855.11,820.28,836.11,761395,8129.2,636846761.2,34.83,-2.8,836.42
412,937.14,974.32,924.31,958.15,460249,12936.2,437534854.2,50.01,21.01,950.65
413,996.07,1022.63,967.52,1001.54,242839,8585.2,240461102.2,55.11,5.47,990.21
414,1073,1093.56,1038,1067.38,296767,8500.2,317023074.2,55.56,-5.62,1068.26
415,1081.4,1098.6,1053.53,1080.66,240409,6870.2,259967115.4,45.07,-0.74,1081.35
416,1106.84,1138.98,1085.04,1118.33,294461,7889.8,327750287.6,53.94,11.49,1113.05
417,1176.61,1192.42,1144.74,1165.25,2823633,6377.4,3153032187,47.68,-11.36,1116.66
418,1185.4,1231.62,1169.8,1216.31,184326,4673.4,215291912.6,61.82,30.91,1168
419,1386.21,1420.05,1318.6,1375.31,209863,6219.8,291454215.4,101.45,-10.9,1388.78
420,1406.18,1439.3,1384.65,1411.69,292073,5437.4,411537692.2,54.65,5.51,1409.02
421,1413.62,1426.22,1371.24,1395.98,111717,3532.8,155996092.6,54.98,-17.64,1396.35
422,1470.29,1533.6,1459.41,1504.39,152518,5683.6,231169711,74.19,34.1,1515.69
423,1535.85,1566.58,1511.65,1542.54,140565,4968.8,216639054.4,54.93,6.69,1541.2
424,1488.4,1508.36,1466.59,1481.85,122168,3853.6,181756869.4,41.77,-6.55,1487.76
425,1511.08,1527.04,1461.31,1487.91,113765,3769.4,168968901,65.73,-23.17,1485.25
426,1395.36,1415.78,1368.06,1392.67,68352,3333,95071017.4,47.72,-2.69,1390.9
427,1404.48,1432.57,1366.9,1406.45,314247,11177.8,437822964.2,65.67,1.97,1393.24
428,1465.77,1470.9,1433.8,1450.09,223770,3771,324939550.2,37.1,-15.68,1452.11
429,1455.4,1473.36,1424.6,1459.24,116847,4096.8,169913332.6,48.76,3.84,1454.15
430,1456.01,1479.73,1406.2,1420.72,150045,4125.6,214443235,73.53,-35.29,1429.19
431,1404.4,1415.82,1384.57,1408,158271,3056.8,222525651,31.25,3.6,1405.98
432,1452.45,1477.44,1436.55,1464.1,97848,3661.4,142470319.4,40.89,11.65,1456.04
433,1465.36,1486.77,1445.7,1466.08,78129,2927.6,114443909,41.07,0.72,1464.81
434,1452.82,1463.3,1429.45,1448.22,76104,2390.4,110436316.4,33.85,-4.6,1451.12
435,1482.2,1492.76,1463.76,1479.67,83651,3173,124077462.2,29,-2.53,1483.28
436,1518.97,1535.59,1508.58,1526.9,106392,3194.2,161669720.6,27.01,7.93,1519.57
437,1589.22,1628.01,1576.97,1610.21,128897,4700.6,206465384,51.04,20.99,1601.79
438,1652.64,1675.96,1633.66,1658.02,76683,3221,127467053.8,42.3,5.38,1662.26
439,1707.42,1719.96,1671.93,1704.17,103339,3821,176117528,48.03,-3.25,1704.27
440,1688.5,1706.04,1666.67,1681.15,49050,1841.4,82550494.6,39.37,-7.35,1682.99
441,1653.19,1675.71,1623.85,1642.8,75558,2869.4,124226623.2,51.86,-10.39,1644.12
442,1627.79,1657.32,1604.98,1640.87,73217,2787.2,120051191,52.34,13.08,1639.66
443,1713.03,1741.5,1682.91,1719.12,94134,2939,162103164.2,58.59,6.09,1722.05
444,1734.56,1762,1720.72,1746.05,101071,3061.4,176339162,41.28,11.49,1744.71
445,1762.25,1786.72,1737.62,1771.44,100756,3139,177044547.8,49.1,9.19,1757.16
446,1787.7,1808.1,1774.36,1796.47,73222,2953,131387093.4,33.74,8.77,1794.37
447,1800.36,1814.2,1771.92,1792,118597,2677.4,212953054,42.28,-8.36,1795.6
448,1695.42,1703.81,1664.75,1676.67,104312,3044.6,176069477.4,39.06,-18.75,1687.91
449,1684.73,1698.58,1667.18,1688.16,58111,2354.2,97349428.2,31.4,3.43,1675.23
450,1708.85,1722.51,1692.5,1706.9,43066,1881.4,73528088.6,30.01,-1.95,1707.33
451,1704.81,1715.95,1683.85,1699.13,126247,1833,213244791.2,32.1,-5.68,1689.11
452,1738.78,1762.13,1710.28,1741.08,164178,3787,286536438.4,51.85,2.3,1745.28
453,1633.39,1662.6,1602.91,1631.86,171076,3648.8,278188101.8,59.69,-1.53,1626.11
454,1605.99,1616.77,1575.79,1599.97,98410,3233,157468369.2,40.98,-6.02,1600.13
455,1577.33,1599.2,1564.14,1580.34,83634,2710.6,132697006.4,35.06,3.01,1586.64
456,1630.47,1661.13,1619.12,1651.52,244014,3017.2,408913763.2,42.01,21.05,1675.78
457,1697.47,1716.9,1684.29,1698.24,54805,2068.8,93322179.4,32.61,0.77,1702.8
458,1768.02,1784.98,1747.09,1773.41,75543,2564.8,133587298.8,37.89,5.39,1768.36
459,1807.86,1823.56,1787.66,1813.22,79967,2958.8,144726701.4,35.9,5.36,1809.83
460,1805.2,1822.81,1789.8,1814.34,71995,2924,130868863,33.01,9.14,1817.75
461,1916.99,1946.34,1892.54,1926.01,112267,4517.4,215508966,53.8,9.02,1919.61
462,1936.76,1946.93,1920.11,1936.17,60790,2511.8,117477251.6,26.82,-0.59,1932.51
463,1940.85,1959.7,1920.89,1942.09,61215,2448.2,118952592.6,38.81,1.24,1943.19
464,1939,1961.73,1925.43,1941.17,68430,2544,132885012.4,36.3,2.17,1941.91
465,1960.88,1983.74,1952.8,1972.37,81907,2877.4,161581770.8,30.94,11.49,1972.75
466,1955.8,1965.14,1928.27,1943.55,79331,2254.8,154770100.8,36.87,-12.25,1950.94
467,1917.08,1947.5,1901.01,1932.24,102383,2921.2,197549442.6,46.49,15.16,1929.51
468,1916,1923.07,1886,1900.55,42020,1898,79831450.4,37.07,-15.45,1899.84
469,1822.33,1859.36,1805.57,1834.44,59096,2210.6,108607852.4,53.79,12.11,1837.82
470,1880.72,1894.3,1856.65,1878.44,38458,1740.2,72216164.4,37.65,-2.28,1877.79
471,1874.42,1903.18,1856.32,1884.9,85642,2524.2,161413409.8,46.86,10.48,1884.75
472,1955.8,1978.5,1950.37,1968.99,135268,2815.6,266275115.8,28.13,13.19,1968.5
473,1991.86,2002.91,1980.84,1995.9,67246,1901,134217413.2,22.07,4.04,1995.92
474,1938.85,1952.68,1908.14,1925.01,64409,2377.6,124002160.2,44.54,-13.84,1925.23
475,1927.38,1948.89,1915.66,1932.95,44857,1629.8,86821431.4,33.23,5.57,1935.52
476,2034.74,2066.66,2025.43,2053.08,113395,4102.6,230607100.6,41.23,18.34,2033.66
477,2053.68,2071.06,2027.03,2044.59,74561,3421.2,152678806.4,44.03,-9.09,2047.7
478,2062.94,2080.32,2049.94,2069.15,68871,2643,142537566.2,30.38,6.21,2069.63
479,2116.74,2132.77,2099.77,2120.36,62962,2478.4,133529657,33,3.62,2120.8
480,2084.29,2101.48,2068.87,2086.01,44559,1671,92901371.6,32.61,1.72,2084.91
481,2117.41,2160.26,2103.41,2142.6,75651,3278.4,162537709.8,56.85,25.19,2148.52
482,2208.19,2223.56,2182.41,2200.85,43663,1738.2,95944118.4,41.15,-7.34,2197.38
483,2149.4,2168.16,2126.12,2146.75,32703,1530.6,70352192.6,42.04,-2.65,2151.25
484,2197.8,2214.42,2178.8,2203.85,59572,1768.8,131490953.4,35.62,6.05,2207.26
485,2329.22,2372.76,2319.98,2357.63,163216,3961.6,386712104.4,52.78,28.41,2369.33
486,2450.91,2485.92,2437.33,2468.43,104751,3205.8,258446369.4,48.59,17.52,2467.24
487,2463.37,2484.58,2434.39,2463.12,65382,2459.6,160735999.4,50.19,-0.25,2458.41
488,2478.53,2483.2,2432.98,2446.47,91124,2361.2,223694164.4,50.22,-32.06,2454.83
489,2416.4,2447.83,2374.32,2403.97,46658,2061.8,112173645.8,73.51,-12.43,2404.17
490,2377.2,2394.17,2335.91,2357.87,56391,2256.6,133522073.4,58.26,-19.33,2367.79
491,2301.31,2322.46,2264.76,2284.19,68462,2903.4,156874608.6,57.7,-17.12,2291.41
492,2362.5,2385.63,2344.79,2366.88,33230,1566.4,78527622.8,40.84,4.38,2363.15
493,2376.09,2401.77,2339.21,2361.77,38999,1545.8,92533787.2,62.56,-14.32,2372.72
494,2361.18,2388.59,2312.32,2356.5,46159,2081.4,108431688.4,76.27,-4.68,2349.09
495,2334.98,2351.36,2290.6,2318.07,42065,1958.4,97633867.6,60.76,-16.91,2321.02
496,2351.2,2385.74,2319.15,2364.16,49338,2242.8,116663701.8,66.59,12.96,2364.58
497,2287.6,2296.79,2235.23,2266.46,87039,3049.6,194767633.4,61.56,-21.14,2237.71
498,2197.17,2227.22,2167.41,2196.47,71951,3039,157982407.6,59.81,-0.7,2195.69
499,2203.35,2232.84,2185.77,2210.69,36468,1791,80557126,47.07,7.34,2208.98
500,2328.49,2366.7,2303.9,2342.58,66934,2760.6,156296170.4,62.8,14.09,2335.08
501,2282.74,2295.52,2227.46,2240.6,134162,3920.4,301799782.6,68.06,-42.14,2249.52
502,2133.01,2168.78,2071.66,2117.05,123053,5399.8,260520796,97.12,-15.96,2117.14
503,2112,2139.91,2068.41,2105.9,103429,4436.8,217789087.2,71.5,-6.1,2105.69
504,2065.32,2076.83,2020.5,2042.3,151499,5593.6,310719293.8,56.33,-23.02,2050.97
505,2030.24,2062.98,2000.45,2029.07,89230,3513.4,181652728.8,62.53,-1.17,2035.78
506,2058.65,2093.69,2048.05,2079.18,53276,2819.8,110348012.2,45.64,20.53,2071.25
507,2158.19,2197.97,2124.4,2163.04,95488,4133.6,207816192.2,73.57,4.85,2176.36
508,2092.58,2138.6,2059.1,2098.83,91776,4505.4,194152984.8,79.5,6.25,2115.51
509,2196.8,2220.64,2178.89,2201.92,82074,3286.8,180712996.2,41.75,5.12,2201.83
510,2184.92,2215.07,2165.53,2190.54,90793,4068.4,198624466.6,49.54,5.62,2187.66
511,2175.58,2186.64,2150.91,2163,50323,1976,109123525.8,35.73,-12.58,2168.46
512,2283.2,2330.75,2272.67,2308.11,82442,3690.8,189743303.2,58.08,24.91,2301.54
513,2364.17,2390.53,2340.46,2371.27,59693,3040,141342048.2,50.07,7.1,2367.82
514,2344.92,2377.67,2311.89,2339.28,91003,4025,213784362.8,65.78,-5.64,2349.2
515,2375.02,2399.17,2355.64,2374.6,122563,4167.4,291516160.2,43.53,-0.42,2378.5
516,2333.1,2340.07,2285.96,2302.56,59742,3293.8,137295365.8,54.11,-30.54,2298.14
517,2265.8,2294.54,2223.78,2261.41,237356,3394.6,529825764.2,70.76,-4.39,2232.2
518,2250.78,2271.49,2230.86,2250.6,55162,2835.4,124126171.6,40.63,-0.18,2250.21
519,2272.16,2294.97,2251.56,2274.44,57949,2690.6,131717579,43.41,2.28,2272.99
520,2282.24,2315.36,2271.31,2302.81,35062,2119.6,80901390.8,44.05,20.57,2307.38
521,2363.62,2382.63,2355.56,2370.7,37058,1801.6,87922236.6,27.07,7.08,2372.56
522,2362.9,2379.16,2346.58,2365.83,41088,1555.6,97144097.4,32.58,2.93,2364.29
523,2353.4,2367.78,2321.71,2339.97,30837,1619.2,72178785.6,46.07,-13.43,2340.66
524,2361.76,2387.34,2349.98,2375.11,40129,1700.8,95947460.2,37.36,13.35,2390.98
525,2498.01,2528.1,2477.52,2511.82,61375,3043.8,153414146.8,50.58,13.81,2499.62
526,2541.41,2556.6,2518.92,2534.32,55269,2732.4,140507550.8,37.68,-7.09,2542.25
527,906.76,917.61,899.69,911.15,293944,5583.8,179389810.6,17.92,4.39,610.29
528,506.4,509.51,497.47,500.7,253188,5132.6,127096096,12.04,-5.7,501.98
529,494.45,495.98,484.7,489.71,255376,4153.4,124756356.2,11.28,-4.74,488.52
530,471.05,481.39,464.26,472.28,251131,5452.2,117802683.6,17.13,1.23,469.09
531,477.7,481.76,464.92,470.18,252662,3982.4,119074599.2,16.84,-7.52,471.28
532,461.34,465.18,451.43,457.54,302377,5571.2,138419259.6,13.75,-3.8,457.77
533,458.28,464.81,449.17,456.34,218786,3887.2,100466770.6,15.64,-1.94,459.2
534,476.93,482.65,469.69,477.07,251974,3716.6,119517497.4,12.96,0.14,474.32
535,475.56,481.3,467.35,476.52,172508,3411,81885282.6,13.95,0.96,474.68
536,483.91,487.35,473.96,479.88,216215,4535,102590546.2,13.39,-4.03,474.48
537,461.5,467,452.42,460.72,757873,4665,345737061,14.58,-0.78,456.19
538,455.62,458.64,445.39,450.29,230505,4025.2,103930419.8,13.25,-5.33,450.88
539,466.83,473.48,462.98,469.45,265010,2947.6,125231722.4,10.5,2.62,472.55
540,485.5,491.01,479.84,485.56,227270,4527.4,110537383.8,11.17,0.0599999999999999,486.37
541,481.8,487.46,470.96,478.83,314770,6483.4,148230201.6,16.5,-2.97,470.92
542,483.38,486.59,476.84,481.62,176340,3628.6,84910642.4,9.75,-1.76,481.52
543,468.97,475.56,464.13,466.25,135596,3509.4,63700223.8,11.43,-2.72,469.78
544,447.14,449.26,431.52,440.61,483147,8570,212050982.2,17.74,-6.53,438.9
545,439.24,447.85,432.65,440.32,303846,5580.6,133138482.8,15.2,1.08,438.18
546,460.5,465.09,453.07,458.53,175199,3973,79958645,12.02,-1.97,456.39
547,436.98,443,424.63,429.89,343622,7054.6,148554294.2,18.37,-7.09,432.32
548,423.74,433.29,417.52,427.21,325207,6526.2,136910934.6,15.77,3.47,421
549,439.46,441.28,430.85,436.08,134425,2919.8,58571257.8,10.43,-3.38,435.72
550,437.4,444.23,431.95,440.93,185044,4482.4,80922203.8,12.28,3.53,437.31
551,458.6,462.23,453.78,458.86,101236,2564.2,46541169,8.45,0.26,459.73
552,470.54,477.19,466.19,472.6,181451,4402.8,85969610,11,2.06,473.79
553,491.3,493.69,478.65,486.96,179975,3967.2,87721828.2,15.04,-4.34,487.41
554,489.85,496.92,484.55,494.16,236769,3828.6,117049007.8,12.37,4.31,494.36
555,512,519.64,506.06,512.54,294317,5401.8,151185974.6,13.58,0.54,513.68
556,525.15,531.09,518.56,525.28,242596,4441.6,127442582.2,12.53,0.13,525.33
557,527.78,534.42,519.88,526.49,221898,4238.2,117170056.2,14.54,-1.29,528.04
558,519.53,528.47,512.07,519.87,151125,2815.2,78600956.4,16.4,0.34,520.11
559,516.97,523.52,508.69,515.38,143432,2755.6,73607372,14.83,-1.59,513.19
560,520.2,524.26,510.49,513.83,227113,2911.8,118413440.6,13.77,-6.37,521.39
561,507.68,516.84,500.69,509.45,127023,3225.8,64965263.8,16.15,1.77,511.44
562,513.92,520.95,510.66,517.84,330007,2650.6,171081306.2,10.29,3.92,518.42
563,524.45,529.63,519.79,526.02,77879,2461.2,41098743.8,9.84,1.57,527.73
564,531.31,535.75,526.2,531.6,127515,2953.2,67956758,9.55,0.29,532.93
565,547.8,553.67,540.23,547.76,173851,3820.4,95364918,13.44,-0.04,548.54
566,544.64,548.41,539.34,543.25,62798,1409.6,34251486.8,9.07,-1.39,545.42
567,536.24,540.82,523.24,529.87,144680,3115.4,77232224,17.58,-6.37,533.81
568,506,511.28,498.8,504.45,202280,3753.6,102057562.2,12.48,-1.55,504.54
569,497.37,503.05,489.47,494.26,86321,2029.8,42747622.6,13.58,-3.11,495.22
570,500.53,506.32,496.17,502.52,84222,1984.2,42189376.2,10.15,1.99,500.93
571,500.61,508.58,494.71,503.07,165001,2702.2,82749001,13.87,2.46,501.51
572,538.76,546.5,533.75,541.47,174876,2538.4,94588068.6,12.75,2.71,540.89
573,537.97,545.33,529.59,537.37,75749,2041.8,40684966.8,15.74,-0.6,537.1
574,540.04,548.16,536.56,543.44,177825,1927.2,96104854.8,11.6,3.4,540.45
575,562.94,570.4,560.54,567.35,159369,2440.4,90514349.6,9.86,4.41,567.95
576,581.22,587.7,576.85,583.79,197608,2479.2,114898719.2,10.85,2.57,581.45
577,585.02,590.11,579.49,583.89,145000,3067.2,84800841.2,10.62,-1.13,584.83
578,580.2,583.29,576.45,579.06,58872,1438,34160989.2,6.84,-1.14,580.26
579,583.26,587.48,573.98,582.54,85351,2076.6,49714015.8,13.5,-0.72,582.47
580,592.73,596.84,588.33,593.55,321995,2433,190887337.6,8.51,0.82,592.83
581,602.53,608,599.53,604.48,239652,1872.4,144595365.6,8.47,1.95,603.36
582,597.32,601.09,592.18,596.57,184749,2033.2,110143142.6,8.91,-0.75,596.18
583,593.18,597.51,588.55,592.74,131729,1809.2,78073488,8.96,-0.44,592.68
584,591.63,594.65,586.51,589.75,155946,1720.6,92186062.8,8.14,-1.88,591.14
585,593.98,597.39,590.06,594.49,92623,1244.4,54960773.4,7.33,0.51,593.38
586,607.29,616.85,602.78,611.49,260351,3683,159360511.2,14.07,4.2,612.1
587,633.11,636.93,625.13,631.92,158308,2952.6,99830498,11.8,-1.19,630.61
588,626.34,631.51,615.96,623.25,187904,2759.2,117555248.8,15.55,-3.09,625.61
589,626.42,630.66,621.01,626.29,165559,3374.2,103790957.2,9.65,-0.13,626.91
590,631.19,635.8,626.6,631.77,75784,1708.6,47823245.2,9.2,0.58,631.05
591,637,641.36,631.34,636.41,158776,2479.6,100974408.8,10.02,-0.59,635.96
592,634.09,636.98,629.84,633.94,78451,1869.2,49689759.2,7.14,-0.15,633.39
593,642.11,647.34,638.46,643.33,249939,1531.4,160693541.4,8.88,1.22,642.93
594,648.77,653.73,643.46,650.2,130151,2266.2,84720484.8,10.27,1.43,650.94
595,670.22,680.27,663.92,676.01,163088,3457.8,111097070,16.35,5.79,681.21
596,694.02,697.71,684.74,692.33,186564,3966.4,128349682.4,12.97,-1.69,687.97
597,692.26,697.08,688.12,692.1,157787,2644,109277312.2,8.96,-0.16,692.56
598,683.88,688.13,676.87,682.48,265497,3170,181398788.8,11.26,-1.4,683.24
599,680.47,684.37,673.97,677.76,55234,1332.8,37458965.4,10.4,-2.71,678.19
600,684.15,685.3,677.85,682.36,98919,1930.6,67500315.6,7.45,-1.79,682.38
601,672.6,677.47,666.38,669.84,104578,2091.2,70124501.4,11.09,-2.76,670.55
602,668.58,671.81,659.98,665.55,160183,3296,106589076.2,11.83,-3.03,665.42
603,660.15,663.39,653.88,658.35,99335,2443.6,65444457.8,9.51,-1.8,658.83
604,658.1,660.95,647.28,652.34,275996,3111.6,178963115,13.67,-5.76,648.43
605,642.2,647.86,638.59,643.91,132645,2180.8,85358090.6,9.27,1.71,643.51
606,661.71,670.07,659,666.88,286636,3123.6,191829064.8,11.07,5.17,669.24
607,674.08,676.44,668.2,670.48,67173,1413.2,45216752.4,8.24,-3.6,673.14
608,648.24,653.07,634.83,638.97,120036,2567.6,76435736.6,18.24,-9.27,636.77
609,632.32,640.89,627.73,637.78,165855,2826.8,105366969.2,13.16,5.46,635.3
610,647.2,652.69,634.32,644.54,272253,5647.2,173759602.8,18.37,-2.66,638.23
611,628.74,635.26,616.17,622.73,265095,4339,166436379.4,19.09,-6.01,627.84
612,617.95,625.36,611.12,620.42,190961,2220.8,117601584.4,14.24,2.47,615.84
613,622.53,627.13,616.6,621.89,299237,2640.2,186406283.6,10.53,-0.64,622.94
614,636.79,646.3,633.01,643.91,130628,2447.2,83497454.4,13.29,7.12,639.2
615,677.8,689.4,668.38,682.4,281815,4833.8,193103464.4,21.02,4.6,685.21
616,689.3,695.04,681.79,687.7,154300,2100.2,106193543.6,13.25,-1.6,688.23
617,686.7,694.46,680.92,690.26,152329,2914.8,104864464,13.54,3.56,688.41
618,701.2,710.35,696.25,704.43,129426,2726.8,91809109.6,14.1,3.23,709.36
619,711.59,716.68,704.03,708.68,98414,1750.6,69934699.2,12.65,-2.91,710.62
620,707.79,717.56,703.55,713.81,157622,2241,112557934.2,14.01,6.02,714.1
621,695.56,700.11,684.25,688.81,90184,1807.2,62158551.2,15.86,-6.75,689.24
622,672.56,679.95,663.99,668.01,105337,1970.2,70894030.4,15.96,-4.55,673.02
623,662.78,666.44,651.65,658.38,294174,3614.8,193662270,14.79,-4.4,658.33
624,632,642.71,625.35,633.07,149562,4014.6,95202788.8,17.36,1.07,636.54
625,660.67,665.99,652.25,659.99,208348,4335.2,136653682.4,13.74,-0.68,655.89
626,665.9,673.8,655.11,667.06,77856,2755.8,52192885.2,18.69,1.16,670.38
627,681.56,689.91,668.4,682.97,157234,6893.2,105780322,21.51,1.41,672.76
628,677.63,682.74,666.92,672.13,110561,3883.2,74200349.6,15.82,-5.5,671.13
629,633.8,639.33,621.12,629.12,217889,6706.6,136995327.6,18.21,-4.68,628.74
630,621.69,626.55,609.33,616.71,141754,4270.2,87104361.2,17.22,-4.98,614.48
631,610.36,615.22,592.08,603.19,394122,8776.2,235782728.2,23.14,-7.17,598.25
632,596.25,608.88,583.32,597.5,410914,9197.2,245888421,25.56,1.25,598.39
633,580.03,592.55,561.03,575.46,473736,11330,270125059.2,31.52,-4.57,570.2
634,598.25,611.74,582.35,598.86,425318,10318,251762114.8,29.39,0.61,591.94
635,638.6,644.58,627.39,639.33,291945,6497.2,185162774.6,17.19,0.73,634.24
636,659.16,665.72,640.44,654.99,344408,9278.8,225246683,25.28,-4.17,654.01
637,618,623.21,602.47,611.5,313743,8517.6,191760662.6,20.74,-6.5,611.2
638,631.66,645.92,622.72,638.56,191487,5975.6,121289889.6,23.2,6.9,633.41
639,656.43,663.07,642.81,654.81,229541,7381,150355750.2,20.26,-1.62,655.03
640,667,675.36,659.18,668.94,206714,4931,138277841,16.18,1.94,668.93
641,673.42,681.66,666.79,677.18,169821,4098,114939431.8,14.87,3.76,676.83
642,677.49,683.12,671.12,674.77,111151,2778,75249838.8,12,-2.72,677.01
643,650.69,656.98,638.15,645.76,110870,3659.4,71875969.6,18.83,-4.93,648.29
644,652.02,658.8,644.34,651.64,158131,4872.6,103474156.4,14.46,-0.38,654.36
645,651.9,662.06,647.68,656.03,195387,4081.4,127979027.6,14.38,4.13,655
646,666.2,673.26,662.59,669.25,314242,6044.2,210901517.2,10.67,3.05,671.14
647,695.24,703.07,689.15,695.26,357996,4515.2,249681686.8,13.92,0.0200000000000001,697.44
648,669.61,678.96,657.44,665.34,202298,4723.2,134715631,21.52,-4.27,665.93
649,667.36,672.41,660.63,666.3,111300,2613.2,74289785.2,11.78,-1.06,667.47
650,664.69,669.21,657,662.6,232236,2485.4,153832126,12.21,-2.09,662.4
651,664.82,670.78,657.25,665.47,155447,3746.2,103254589,13.53,0.65,664.24
652,674.78,679.78,666.87,672.92,152504,3278.4,102384387.2,12.91,-1.86,671.36
653,673.05,676.98,665.83,671.5,254255,3138.4,169547967.8,11.15,-1.55,666.84
654,640.01,643.4,631.95,635.7,299527,4612.8,191645860,11.45,-4.31,639.83
655,638.93,645.82,630.68,641.35,182094,2949,116655591.2,15.14,2.42,640.63
656,644.04,649.02,637.46,643.26,106651,2187.6,68790331.2,11.56,-0.78,645
657,661.21,669.78,656.02,665.53,106838,2395.6,71047113.2,13.76,4.32,665
658,669.71,676.29,665.09,670.26,103181,3325.8,69066091,11.2,0.55,669.37
659,691.98,708.79,686.08,703.13,287060,5951.4,205084697.2,22.71,11.15,714.43
660,732.9,741.68,726.02,734.21,208728,3439.4,153251635,15.66,1.31,734.22
661,739.59,744.52,734.23,739.33,206104,2712.8,153325805.6,10.29,-0.26,743.92
662,750.44,755.19,739.46,744.97,417869,4589.4,311486999,15.73,-5.47,745.42
663,732.5,739.7,722.75,730.44,161931,3781.8,118103315.8,16.95,-2.06,729.34
664,731.65,736.5,723.58,728.78,117187,5676.8,85485784.6,12.92,-2.87,729.48
665,725.39,732.25,720.22,725.75,212825,8090.6,154571052.2,12.03,0.36,726.28
666,720.86,726.13,713.8,717.52,129826,5629,93416206,12.33,-3.34,719.55
667,741.35,760.9,736.94,754.29,184632,8605.4,141649505.6,23.96,12.94,767.2
668,796.2,818.65,788.4,799.1,300555,11782.4,245841549.6,30.25,2.9,817.96
669,803.14,808.83,792.9,801.02,153176,6837.2,122366676.6,15.93,-2.12,798.86
670,810.69,825.07,799.61,814.51,190496,6881.4,154308688.6,25.46,3.82,810.04
671,819.57,823.62,808.2,814.78,197686,6196.4,160859954.6,15.42,-4.79,813.71
672,832.39,844.58,822.97,836.29,182428,7894.8,152425787.6,21.61,3.9,835.54
673,831.87,836.36,821.71,826.67,138790,5301.4,114966100.2,14.65,-5.2,828.35
674,823.72,828.44,816.38,819.31,160706,5297.8,131877429.8,12.06,-4.41,820.61
675,842.28,850.68,829.87,840.61,136440,4860.2,114977015,20.81,-1.67,842.69
676,823.62,832.48,813.25,822.13,424623,5876.6,348675740.8,19.23,-1.49,821.14
677,834.01,840.47,824.76,833.47,153447,6719,127933364.6,15.71,-0.54,833.73
678,839.38,844.19,831.44,836.42,269766,5319.8,226353805,12.75,-2.96,839.07
679,824.68,826.73,813.18,818.31,116356,4529.6,95587904.6,13.55,-6.37,821.51
680,805.24,810.25,798.28,804.24,95111,4742.4,76342991.6,11.97,-1,802.67
681,826.04,835,818.68,826.86,215426,5903.4,178201039.2,16.32,0.82,827.2
682,842.88,847.96,835.12,842.41,130006,4821.2,109450732.4,12.84,-0.47,841.89
683,851.64,857.8,844.77,851.47,185424,5311.8,158378645.8,13.03,-0.17,854.14
684,857.13,864.3,852.7,859.34,184659,4300.6,158773238.8,11.6,2.21,859.82
685,854.99,861.36,846.78,854.62,264064,5154.4,225704578.6,14.58,-0.37,854.73
686,855.13,864.2,846.34,856.36,316196,5501,270268363.2,17.86,1.23,854.75
687,867.43,873.08,859.45,866.96,285051,8169,247326841,13.63,-0.47,867.66
688,874.6,882.9,862.01,871.86,164256,4921.2,143157415.8,20.89,-2.74,871.55
689,890.07,901.12,884.21,893.25,310525,7337.4,276918648,16.91,3.18,891.78
690,897.09,904.62,892.84,898.28,267424,4946.8,241219088.4,11.78,1.19,902.01
691,908.62,914.58,901.22,906.77,257862,5705.2,234279275.6,13.36,-1.85,908.55
692,919.1,929.5,908.51,921.83,234485,7125.2,215319234.6,20.99,2.73,918.26
693,933.08,941.52,923.62,934.93,150009,6305.2,140595454.4,17.9,1.85,937.25
694,950.29,957.74,942.26,949.83,128704,4610.2,122585217.4,15.48,-0.46,952.46
695,937.42,942.8,929.11,934.06,129298,4629.4,121146406,13.69,-3.36,936.95
696,929.5,938.22,924.32,932.87,89373,3391.4,83302417.8,13.9,3.37,932.08
697,943.8,951.52,933.79,943.89,183322,6250,172227544.8,17.73,0.0899999999999999,939.48
698,952.16,957.82,944.87,950.7,149851,3178.6,142708411,12.95,-1.46,952.34
699,954.19,960.36,944.63,952.18,126925,4770.2,121620965.2,15.73,-2.01,958.21
700,965.61,973.66,959.22,966.84,155937,7062,150953884.2,14.44,1.23,968.04
701,1004.37,1018.13,997.47,1008.13,370498,9898,372347257.2,20.66,3.76,1004.99
702,1046.36,1070.11,1040.15,1058.09,336984,10003.6,356577233.4,29.96,11.73,1058.14
703,1075.92,1089.01,1059.94,1073.21,244059,8351.4,260541437.2,29.07,-2.71,1067.53
704,1056.99,1067.42,1044.39,1057.7,142116,5760,150151043,23.03,0.71,1056.54
705,1078.8,1085.05,1063.8,1072,170726,5797.4,183432239.6,21.25,-6.8,1074.42
706,1062.83,1068.39,1050.11,1056.07,146457,5918,154742132.6,18.28,-6.76,1056.57
707,1080.91,1092.18,1062.43,1076.65,333223,10301.8,358822662.8,29.75,-4.26,1076.82
708,1062.76,1066.38,1047.56,1053.18,184903,7029.2,194881549.2,18.82,-9.58,1053.97
709,1056.78,1065.32,1046.93,1056.02,207997,7438.4,219670515.2,18.39,-0.76,1056.12
710,1036.97,1043.46,1024.8,1028,166124,7064.6,171253679.2,18.66,-8.97,1030.88
711,1031.8,1038.35,1017.37,1031.66,89592,4835.8,92174456.8,20.98,-0.14,1028.82
712,1043.91,1050.35,1031.2,1040.53,57004,3727.2,59398041.8,19.15,-3.38,1042
713,1019.63,1024.13,1006.06,1014.6,95900,5245,97368876,18.07,-5.03,1015.32
714,1014.08,1017.27,996.47,1004.94,189319,9580.2,190523455.6,20.8,-9.14,1006.36
715,991.41,994.19,973.71,979.72,110827,7089.6,108439154.8,20.48,-11.69,978.45
716,981.64,991.14,968.8,985.43,229361,5649,224436477.2,22.34,3.79,978.53
717,1007.24,1016.43,1000.26,1011.02,79566,2278,80128710.4,16.17,3.78,1007.07
718,1027.05,1034.46,1019.95,1028.49,55464,1972.6,56956128.8,14.51,1.44,1026.9
719,1026.55,1036.92,1012.13,1023.13,100323,3226.4,102355415.8,24.79,-3.42,1020.26
720,1009.85,1015.11,997.85,1006.13,66816,2314.8,67355268.4,17.26,-3.72,1008.07
721,1005.4,1013.94,998.44,1008.99,130024,3710.4,130790079.2,15.5,3.59,1005.89
722,1040.2,1055.63,1034.48,1048.08,87375,2986.6,91482053.2,21.15,7.88,1047
723,1058.98,1069.95,1049.45,1063.33,96351,3345.2,101920062.4,20.5,4.35,1057.8
724,1068.25,1082.26,1063.92,1077.55,67354,2527.8,72326700.6,18.34,9.3,1073.83
725,1088.59,1104.4,1086.16,1097.98,141792,3299.2,155961958.8,18.24,9.39,1099.93
726,1110.82,1120.22,1099.02,1109.22,204174,4389.6,226713644.4,21.2,-1.6,1110.39
727,1105.22,1113.89,1095.89,1105.09,185889,2687,205961919.4,18,-0.13,1107.98
728,1099.93,1107.87,1089.84,1096.44,93006,2619,102196033.6,18.03,-3.49,1098.81
729,1093.33,1097.01,1079.34,1085.51,57774,1861.6,62833502.2,17.67,-7.82,1087.57
730,1088.66,1094.43,1076.32,1086.9,57365,1728.8,62370704.8,18.11,-1.76,1087.26
731,1036.6,1042.37,1018.26,1028.17,133317,4317.2,136875817.8,24.11,-8.43,1026.69
732,1022.47,1026.22,1003.17,1012.52,109389,3322.6,110610687,23.05,-9.95,1011.17
733,1003.99,1013.68,987.94,1002.05,84745,3373.8,84726153.6,25.74,-1.94,999.78
734,1018.79,1030.09,1011.61,1021.72,65313,2669.4,66969705,18.48,2.93,1025.37
735,1046.25,1056.97,1032.14,1045.39,58072,2103.8,60746588.2,24.83,-0.86,1046.06
736,1073.6,1086.7,1057.67,1076.66,129310,3665.4,139386361.4,29.03,3.06,1077.92
737,1086.56,1091.97,1078.51,1083.27,57167,1465.6,62096394.6,13.46,-3.29,1086.23
738,1090.2,1097.26,1083.78,1092.05,162792,3041.8,177892950.2,13.48,1.85,1092.76
739,1102,1113.63,1095.48,1105.3,295103,3741.2,326501169,18.15,3.3,1106.4
740,1095.77,1102.69,1084.43,1089.81,60883,1419.8,66561629.4,18.26,-5.96,1093.27
741,1070.8,1073.77,1060.68,1066.79,69201,1725.6,73454004.4,13.09,-4.01,1061.46
742,1056.36,1065.31,1047.27,1057.38,61605,1846,65138501.6,18.04,1.02,1057.36
743,1066.43,1075.28,1060.62,1068.27,38021,1640.6,40683603.2,14.66,1.84,1070.03
744,1077.6,1082.38,1068.48,1073.67,36059,1527.2,38742357.6,13.9,-3.93,1074.42
745,1055.67,1062.93,1048.13,1053.33,38667,1774.2,40801958.2,14.8,-2.34,1055.21
746,1064.96,1072.22,1055.95,1066.41,44162,2008,47092601.4,16.27,1.45,1066.36
747,1074.08,1077.69,1066.02,1072.68,85342,1534,91612041.2,11.67,-1.4,1073.47
748,1081.18,1084.74,1073.07,1078.88,36358,1331.4,39198701.2,11.67,-2.3,1078.13
749,1064.66,1068.96,1054.23,1059.88,74459,1942.4,78902035,14.73,-4.78,1059.67
750,1047.71,1055.17,1036.75,1046.06,196643,2986.4,206300164.4,18.42,-1.65,1049.11
751,1030.03,1039.1,1021.77,1029.32,147693,3726.6,151893247.6,17.33,-0.71,1028.44
752,1046.81,1056.09,1040.33,1046.8,48668,1876,50986879.2,15.76,-0.01,1047.65
753,1047.2,1051.7,1037.91,1042.74,51318,1933.2,53564233.8,13.79,-4.46,1043.77
754,1000,1001.66,976.19,982.18,158076,4285.4,155083808,25.47,-17.82,981.07
755,986.44,990.25,972.22,982.73,120733,3631.8,118131875.2,18.03,-3.71,978.46
756,961.41,972,947.01,962.72,109307,3646.6,104806512,24.99,1.31,958.83
757,1010.48,1021.52,1002.44,1016.94,70731,2568.8,71610216.2,19.08,6.46,1012.43
758,1026.96,1031.57,1018.23,1027.02,602755,4359.4,616973625.6,13.34,0.0600000000000001,1023.59
759,1036,1045.46,1027.45,1038.66,86229,2396.8,89655869.8,18.01,2.66,1039.74
760,1055.72,1066.76,1051.77,1060.37,65533,2003,69422070,14.99,4.65,1059.35
761,1064.43,1070.01,1054.72,1060.71,67415,1653.2,71532414.8,15.29,-3.72,1061.08
762,1075.86,1084.26,1066.05,1080,147810,2008.4,158253619.6,18.21,4.14,1070.66
763,1100.56,1109.16,1092.25,1102.62,90360,3145.8,99628127.2,16.91,2.06,1102.57
764,1122.54,1134.94,1110.89,1122.17,92841,3322.8,104538755,24.05,-0.37,1126
765,1128.81,1141.22,1123.37,1135.63,39281,1592.6,44583903.2,17.85,6.82,1135
766,1153.11,1159.6,1136,1149.52,102453,2009.8,117243555.8,23.6,-3.59,1144.36
767,1138.3,1151.33,1135.78,1145.53,41365,1627.2,47489517.8,15.55,7.23,1148.06
768,1182.62,1186.93,1174.07,1181.08,118231,2055.4,139431753.2,12.86,-1.54,1179.32
769,1174.54,1181.16,1165.82,1170.99,156255,1968.6,183270602.6,15.34,-3.55,1172.89
770,1158.4,1165.09,1151.19,1159.06,96876,2313,112310049,13.9,0.66,1159.32
771,1167.61,1174.87,1161.35,1167.99,92535,2715.4,108222398.2,13.52,0.38,1169.53
772,1166.13,1175.05,1156.11,1169.05,144141,2010.2,168410249.8,18.94,2.92,1168.37
773,1173.29,1180.63,1165.15,1174.01,82529,1708.8,97095295.2,15.48,0.72,1176.5
774,1195.79,1200.05,1186.9,1192.92,195476,2815.6,233656818,13.15,-2.87,1195.32
775,1224.5,1234.72,1216.23,1226.59,170183,2910.2,208761778.6,18.49,2.09,1226.69
776,1238.02,1245.46,1229.48,1240.31,63758,1760.2,79056907.4,15.98,2.29,1239.95
777,1246.35,1252.19,1233.7,1242.92,62643,1369.8,77856500.4,18.49,-3.43,1242.86
778,1247.18,1251.11,1233.95,1240.78,55765,1316.4,69347986.8,17.16,-6.4,1243.58
779,1236.02,1242.9,1228.06,1236.92,192632,1570.6,239307304.6,14.84,0.9,1242.3
780,1255,1260.66,1248.58,1255.69,112491,2134,140735551.2,12.08,0.69,1251.08
781,1269.1,1283.33,1254.73,1272.26,87552,2419.6,111041043.2,28.6,3.16,1268.29
782,1291.19,1297.89,1280.67,1289.35,73248,1726.2,94316022,17.22,-1.84,1287.63
783,1287.36,1294.28,1278.71,1284.99,170349,1693,217723018.4,15.57,-2.37,1278.1
784,1306.3,1311.18,1295.75,1301.63,93128,1534.6,121481373.6,15.43,-4.67,1304.46
785,1290.04,1295.59,1277.35,1284.03,87922,2034.6,113333973.8,18.24,-6.01,1289.03
786,1287.29,1290.77,1273.76,1279.31,57491,1276,73512705,17.01,-7.98,1278.68
787,1261.18,1266.38,1242.53,1254.11,90553,1818.2,113414530.4,23.85,-7.07,1252.47
788,1257.69,1264.49,1243.64,1255.05,78591,2327,98291033.6,20.85,-2.64,1250.67
789,1253.39,1260.75,1243.47,1255.11,88513,1791.4,111014218,17.28,1.72,1254.21
790,1246,1260.54,1234.91,1255.26,313367,5665.8,391499101.8,25.63,9.26,1249.33
791,1259.34,1263.7,1239.1,1243.23,120902,2852.2,152355690.8,24.6,-16.11,1260.16
792,1197.63,1202.28,1176.56,1187.35,81694,2747.8,96720720.2,25.72,-10.28,1183.94
793,1192.34,1201.35,1181.35,1190.25,92575,1960,110140003.8,20,-2.09,1189.74
794,1197.53,1203.89,1183.29,1193.6,90510,1949.8,107845111.8,20.6,-3.93,1191.53
795,1182.47,1191.33,1174.38,1181.36,90514,2046.4,106951964,16.95,-1.11,1181.61
796,1179.2,1184.56,1171.37,1179.44,51829,1399.8,61057523.4,13.19,0.24,1178.06
797,1187.11,1197.66,1182.15,1190.83,94432,2054.8,112460627.2,15.51,3.72,1190.92
798,1197.09,1200.18,1186.21,1190.09,286502,2184.6,340139060.4,13.97,-7,1187.21
799,1216.31,1227.95,1210.94,1221.4,325361,2826,393460214.8,17.01,5.09,1209.3
800,1243.55,1249.32,1235.18,1240.3,916474,1402.8,1135658843,14.14,-3.25,1239.16
801,1270,1281.36,1264.69,1275.59,79171,2287.8,100875258.6,16.67,5.59,1274.14
802,1299.02,1309.02,1291.74,1303.34,122044,2208.6,158531975.2,17.28,4.32,1298.97
803,1307.69,1315.52,1298.82,1305.74,55057,1669.2,71914678.2,16.7,-1.95,1306.19
804,1350.51,1367.61,1330.96,1348.95,1187556,14462.8,1675922003,36.65,-1.56,1411.24
805,1402.05,1410.67,1389.19,1397.85,92192,2551.8,129260813.4,21.48,-4.2,1402.08
806,1387.8,1392.45,1376.57,1382.48,170694,1868.4,237141914,15.88,-5.32,1389.28
807,1402.34,1409.1,1395.29,1402.78,265826,1759.6,372473548,13.81,0.44,1401.19
808,1425.11,1434,1422.4,1430.9,356300,1609.8,509222845.6,11.6,5.79,1429.2
809,1424.33,1430.77,1416.85,1422.72,666964,2964.6,949856719,13.92,-1.61,1424.15
810,1442.29,1454.5,1430.03,1441.61,114046,2721,164603015,24.47,-0.68,1443.3
811,1438.16,1445.69,1432.23,1438.86,73995,1909.6,106453868.6,13.46,0.7,1438.66
812,1449.87,1464.06,1441.83,1457.51,199668,3790.6,292409875.2,22.23,7.64,1464.48
813,1537.36,1554.28,1526.64,1545.16,284110,7885.8,437505253.6,27.64,7.8,1539.92
814,1542.77,1545.77,1529.15,1536.75,121260,2381.6,186389644,16.62,-6.02,1537.11
815,1544.81,1554.32,1538.72,1547.39,115072,1365,178320468.4,15.6,2.58,1549.64
816,1554.23,1567.3,1549.94,1562.39,41357,1486.4,64551571.8,17.36,8.16,1560.84
817,1592.94,1612.57,1583.26,1602.59,64528,2175,103219369.2,29.31,9.65,1599.61
818,1633.6,1638.8,1623.59,1632.21,41515,1534.8,67724619.2,15.21,-1.39,1631.33
819,1645.54,1658.07,1641.07,1652.23,46358,1662.6,76619576.8,17,6.69,1652.78
820,1672.77,1684.2,1662.39,1674.37,112128,1628.2,187624349,21.81,1.6,1673.31
821,1694.45,1702.14,1677.47,1686.35,65263,2093.6,110326019,24.67,-8.1,1690.48
822,1663.48,1670.6,1651.16,1658.02,62290,1755.8,103516875.6,19.44,-5.46,1661.85
823,1665,1672.87,1658.27,1666.36,213214,6848.4,356407698.2,14.6,1.36,1671.6
824,1683,1688.68,1672.86,1681.7,46438,1500.4,77998396.4,15.82,-1.3,1679.62
825,1709,1724.13,1700.44,1715.6,101019,3536,173699153.8,23.69,6.6,1719.47
826,1767.5,1787.98,1757.74,1779,94742,2489.8,167720182.2,30.24,11.5,1770.28
827,1790.05,1797.97,1775.36,1786.7,44917,1767,80222471.6,22.61,-3.35,1786.02
828,1760.01,1772.66,1749.27,1762.85,81887,1533.6,144349940.6,23.39,2.84,1762.79
829,1756.61,1766.18,1745.82,1757.72,35283,1231.4,62023937.6,20.36,1.11,1757.9
830,1765.46,1774.12,1752.68,1763.68,45261,1537.8,79791413.8,21.44,-1.78,1762.92
831,1760.78,1770.54,1752.6,1761.51,56107,1608.8,98754838.4,17.94,0.73,1760.12
832,1817.92,1832.1,1808.04,1826.17,77556,2692,141294179.8,24.06,8.25,1821.83
833,1850.09,1858.45,1841.57,1849.85,51228,1334.2,94891198.4,16.88,-0.24,1852.33
834,1811.48,1816.17,1787.09,1797.02,120039,2546.6,216920320.6,29.08,-14.46,1807.08
835,1801.61,1812.59,1795.05,1801.46,58642,1863,105902641.4,17.54,-0.15,1805.92
836,1803.16,1822.23,1795.58,1811.38,50219,1429.2,91233067.4,26.65,8.22,1816.7
837,1854.9,1867.1,1842.06,1858.12,40406,1469,74973169.2,25.04,3.22,1855.5
838,1828.47,1838.62,1779.22,1812.93,229325,4080,411896554.6,59.4,-15.54,1796.13
839,1819.11,1829.64,1814.65,1822.73,51605,1306.8,94020323.2,14.99,3.62,1821.92
840,1827.2,1833.58,1811.36,1822.04,503315,1419.6,918653614.8,22.22,-5.16,1825.21
841,1813,1823.69,1805.83,1814.05,41999,1065.2,76358701.4,17.86,1.05,1818.11
842,1850.74,1858.7,1842.85,1851.38,33517,856.6,62005629.2,15.85,0.64,1849.98
843,1858.64,1866.34,1845.57,1853.3,36231,1101.4,67292725.8,20.77,-5.34,1857.32
844,1818.03,1835.07,1809.82,1824.84,96628,1447.4,176369785.4,25.25,6.81,1825.25
845,1838.4,1864.48,1822.23,1846.81,807899,2318.8,1482209130,42.25,8.41,1834.65
846,1881.72,1888.45,1865.17,1872.88,182255,2005.2,341362850.2,23.28,-8.84,1873
847,1869.42,1878.39,1857.18,1867.15,53842,1192.6,100640626.6,21.21,-2.27,1869.18
848,1865.6,1870.94,1850.28,1858.73,47115,1112.2,87660652.4,20.66,-6.87,1860.57
849,1870.76,1886.66,1865.32,1879.32,63531,1669.2,119723581,21.34,8.56,1884.49
850,1935,1953.3,1924.98,1937.84,299919,3856.8,585583326.8,28.32,2.84,1952.47
851,1977.88,1994.55,1967.94,1986.94,159718,2361.6,315578075.2,26.61,9.06,1975.85
852,1940.14,1955.74,1904.22,1924.77,117270,3571,223520662.6,51.52,-15.37,1906.03
853,1871.51,1887.96,1864.94,1874.96,72087,2391.4,135077422.2,23.02,3.45,1873.81
854,1874.17,1880.24,1857.78,1866.5,43670,1402,81490497.6,22.46,-7.67,1866.05
855,1884.97,1902.66,1876.49,1891.11,52936,1541.4,100356636.4,26.17,6.14,1895.81
856,1861.99,1866.1,1842.42,1852.62,164398,1819.6,303116897.8,23.68,-9.37,1843.8
857,1865.74,1884.3,1855.39,1865.91,89229,1489.8,166893495.2,28.91,0.17,1870.4
858,1854.54,1862.82,1843.75,1850.88,90794,2030,168244225.8,19.07,-3.66,1853.03
859,1887.57,1914.16,1878.34,1904.87,78021,2505.4,147562989.4,35.82,17.3,1891.32
860,1922.19,1931.27,1902.52,1914.56,60520,1931.2,115746540.6,28.75,-7.63,1912.53
861,1927.56,1938.96,1917.53,1931.33,30151,1307,58212047.4,21.43,3.77,1930.68
862,1950.34,1959.78,1924.36,1941.8,87532,2562.8,170177663.8,35.42,-8.54,1944.18
863,1931.67,1948.91,1923.02,1937.06,109632,2486,211856451.6,25.89,5.39,1932.43
864,1972.1,1982.74,1960.29,1976.15,97547,1955.2,192494561,22.45,4.05,1973.35
865,2010.67,2030.7,2004.09,2017.04,140981,2996.4,286150604.2,26.61,6.37,2029.71
866,2008.92,2019.09,1990.62,1998.06,52453,2056,105156884.8,28.47,-10.86,2004.78
867,2010.44,2032.62,2001.46,2023.89,108009,1763.6,214835552.2,31.16,13.45,1989.05
868,2097.45,2126.22,2058.41,2082.39,317170,8274.8,664938700.8,67.81,-15.06,2096.47
869,2052.11,2061.85,2039.41,2048.02,56025,2226.4,114831019,22.44,-4.09,2049.64
870,2033.11,2044.38,2021.02,2034.06,85467,2256,174075979.2,23.36,0.95,2036.76
871,2074.72,2095.48,2066.96,2087.43,75612,2594.2,157401340.2,28.52,12.71,2081.7
872,2095.54,2117.08,2083.68,2097.52,56304,2255,118261848,33.4,1.98,2100.42
873,2119.61,2139.68,2112.77,2130.47,79955,1981.6,169924467.6,26.91,10.86,2125.25
874,2169.52,2191.64,2162.45,2173.6,70914,4184.6,154805754.6,29.19,4.08,2183.01
875,2171.77,2184.9,2158.46,2173.57,69675,3346.2,151174093.2,26.44,1.8,2169.7
876,2186.42,2196.31,2164.42,2180.68,56595,2911,123292235.8,31.89,-5.74,2178.5
877,2135.23,2146.2,2117,2126.89,131339,2757.6,279518583.4,29.2,-8.34,2128.22
878,2105.16,2112.88,2085.46,2097.81,68304,3313.4,143273602.8,27.42,-7.35,2097.59
879,2088.18,2102.25,2077.87,2084.23,55540,2843.8,116056257.2,24.38,-3.95,2089.6
880,2087.3,2095.15,2067.5,2076.9,85759,3188.8,178176372.2,27.65,-10.4,2077.64
881,2060.62,2067.98,2044.48,2056.97,59963,2919,123087846.6,23.5,-3.65,2052.73
882,2029.2,2036.98,2003.23,2016.54,156794,4182.8,316856142.6,33.75,-12.66,2020.84
883,1975.4,1987.9,1936.54,1960.42,153452,6500.6,300719675,51.36,-14.98,1959.7
884,1995.6,2015.01,1979.88,2003.7,98790,4746,197508275.6,35.13,8.1,1999.27
885,1972.74,1985.42,1936.11,1955.71,314717,5930.6,616920595.2,49.31,-17.03,1960.24
886,1982.99,1997.28,1958.98,1978.01,70920,2620,140000778.2,38.3,-4.98,1974.07
887,1989.84,2001.44,1971.41,1980.87,90056,3298.2,178680197.4,30.03,-8.97,1984.1
888,1940.02,1943.5,1904.82,1924.64,773504,7220.6,1471397030,38.68,-15.38,1902.25
889,1951,1963.66,1938.08,1951.76,416081,3346.8,807486625.8,25.58,0.76,1940.7
890,1956.47,1970.11,1940.86,1956.79,107346,3247.8,209258244.8,29.25,0.32,1949.38
891,2015.94,2030.3,2002.97,2020.75,130658,2762.4,264993263.4,27.33,4.81,2028.14
892,2092.57,2115.25,2083.64,2100.84,405784,3237.8,856842787.8,31.61,8.27,2111.57
893,2090.35,2108.31,2078.66,2095.42,91831,4097,192274881.6,29.65,5.07,2093.79
894,2087.14,2107.12,2073.73,2094.28,86586,3881.4,180580607.6,33.39,7.14,2085.56
895,2126,2139.02,2101.45,2117.72,75150,3133,159245432.4,37.57,-8.28,2119.03
896,2119.76,2139.36,2102,2123.82,85483,3032.4,180999126.2,37.36,4.06,2117.37
897,2126.44,2132.75,2109.79,2115.76,88628,2726.6,187735418.4,22.96,-10.68,2118.24
898,2113.91,2122.14,2102.11,2111.96,48480,1874,102488807.6,20.03,-1.95,2114.04
899,2137.8,2147.32,2118.69,2132.23,672159,2986.4,1426452135,28.63,-5.57,2122.19
900,2107,2113.27,2084.11,2089.45,235904,4802.4,494481242.4,29.16,-17.55,2096.11
901,2081,2103,2061.85,2085.45,115815,4527.4,241099637.8,41.15,4.45,2081.77
902,2124.6,2137.26,2113.42,2126.05,121400,3093.6,257974991.4,23.84,1.45,2125
903,2115.03,2126.45,2096.21,2105.07,58183,2198.6,122775602.8,30.24,-9.96,2110.16
904,2105.67,2121.08,2093.28,2109.39,97311,2646.4,205125374,27.8,3.72,2107.94
905,2098.26,2113.87,2081.04,2093.5,126773,2716.6,265466928,32.83,-4.76,2094.03
906,2135.1,2162.5,2127.62,2155.4,124768,4831.4,271218785.8,34.88,20.3,2173.78
907,2250.71,2274.83,2239.89,2260.62,159800,4386.4,361051107.8,34.94,9.91,2259.39
908,2293.45,2312.63,2273.02,2293.56,222398,3979.4,508949112,39.61,0.11,2288.46
909,2307.22,2319.45,2290.95,2300.52,164575,3152.2,380813451.8,28.5,-6.7,2313.92
910,2280.8,2295.92,2261.48,2276.03,423632,8073.2,955684474.4,34.44,-4.77,2255.93
911,2290.23,2303.35,2269.45,2282.84,285466,4322.2,654523526,33.9,-7.39,2292.82
912,2271.43,2294.62,2256.69,2276.15,197114,7580.6,447318412.6,37.93,4.72,2269.34
913,2345.44,2356.15,2322.09,2337.45,108873,4487.2,254853913.8,34.06,-7.99,2340.84
914,2300.72,2313.64,2279.94,2291.29,84432,4386.6,193960945,33.7,-9.43,2297.24
915,2371.29,2401.28,2353.45,2383.46,203012,7018.8,488347785.6,47.83,12.17,2405.51
916,2399.65,2419.22,2366.73,2389.35,110032,5151.4,263027529.6,52.49,-10.3,2390.46
917,2446.31,2461.06,2410.87,2439.55,95458,5089,233030985.6,50.19,-6.76,2441.19
918,2447.36,2456.49,2425.19,2442.93,147305,3170.4,359689304.4,31.3,-4.43,2441.8
919,2435.94,2443.67,2415.9,2426.11,84099,3649.4,204239053.2,27.77,-9.83,2428.56
920,2430.7,2452.8,2419.48,2438.86,142315,3915.2,346491024,33.32,8.16,2434.68
921,2479.63,2492.53,2462.43,2479.91,76092,3928.2,188678877.8,30.1,0.279999999999999,2479.62
922,2431.02,2437.73,2398.36,2411.26,176049,6579.6,425229653.2,39.37,-19.76,2415.41
923,2408.35,2418.09,2387.6,2396.66,354379,5802,852357472.8,30.49,-11.69,2405.21
924,2324.41,2336.69,2284.5,2300.51,163712,8476.2,375486585.2,52.19,-23.9,2293.58
925,2260.07,2270.04,2233.56,2248.78,94558,6576.8,212688279.4,36.48,-11.29,2249.29
926,2192.14,2216.16,2170.71,2200.65,392673,6969.8,863122641.8,45.45,8.51,2198.07
927,2246.79,2258.27,2210.8,2233.04,156979,6433.2,350697522.6,47.47,-13.75,2234.04
928,2204.3,2227.29,2179.34,2208.19,164860,6143.6,364323056.6,47.95,3.89,2209.89
929,2244.96,2253.58,2221.33,2234.63,135218,7146.8,303055065,32.25,-10.33,2241.23
930,2244.8,2266.95,2221.23,2244.89,186266,5350.6,417792332.8,45.72,0.0899999999999997,2242.99
931,2245.68,2259.75,2221.05,2233.05,189546,5582.4,424338826.6,38.7,-12.63,2238.71
932,1194.28,1222.99,1175.98,1210.74,709711,18004,854036067,47.01,16.46,1203.36
933,1238.76,1253.14,1226.03,1237.08,276621,9013.6,343080959.4,27.11,-1.68,1240.26
934,1213.58,1227.84,1188.57,1200.72,311514,11074.4,375778228,39.27,-12.86,1206.3
935,1219.2,1228.77,1210.05,1219.45,161898,5637.2,197708825.4,18.72,0.25,1221.19
936,1245.54,1250.08,1229.89,1236.54,475044,7289.8,588967161.2,20.19,-9,1239.82
937,1244.37,1255.44,1232.97,1239.51,249687,6257.6,310777803.4,22.47,-4.86,1244.67
938,1253.48,1262.32,1242.15,1255.65,214420,4952.8,267760551.4,20.17,2.17,1248.77
939,1269.48,1277.43,1260.64,1268.88,153565,5554,195090878,16.79,-0.6,1270.41
940,1274.37,1282.64,1265.85,1273.65,357896,4711.8,455433080.8,16.79,-0.72,1272.53
941,1274.59,1278.61,1259.63,1267.78,98051,4721.8,124224497.6,18.98,-6.81,1266.94
942,1252.05,1256.17,1239.27,1247.19,119647,6088.6,149238227.4,16.9,-4.86,1247.32
943,1259.76,1268,1245.74,1260.9,141910,5950.8,178734732.2,22.26,1.14,1259.49
944,1292.75,1301.64,1283.43,1293.72,142747,5148.2,184353669.2,18.21,0.97,1291.47
945,1283.44,1286.42,1269.98,1275.63,198632,4029,253971903.8,16.44,-7.81,1278.61
946,1268.22,1275.15,1253.74,1262.76,922087,5841,1157273869,21.41,-5.46,1255.06
947,1282.79,1288.45,1273.55,1282.95,1856552,6219.4,2389111394,14.9,0.16,1286.85
948,1274.95,1278.09,1255.63,1260.97,290036,7982.4,366414337.6,22.46,-13.98,1263.34
949,1235.92,1241.61,1223.79,1232.17,304576,12634.6,375382903.2,17.82,-3.75,1232.48
950,1219.65,1227.58,1201.4,1214.81,194707,9887.6,236325266.8,26.18,-4.84,1213.75
951,1242.39,1249,1232.29,1241.24,302237,5727,374072804,16.71,-1.15,1237.68
952,1238.36,1243.28,1222.09,1227.97,474153,6445,585282410.6,21.19,-10.39,1234.37
953,1213.6,1217.37,1202.55,1210.66,253509,7001.8,304889113,14.82,-2.94,1202.68
954,1186.76,1190.61,1163.91,1177.87,546377,18732.8,644422735.4,26.7,-8.89,1179.45
955,1116.8,1124.47,1081.77,1104.29,1907385,28233.6,2108691937,42.7,-12.51,1105.54
956,970.78,1008.61,905.98,963.75,1375315,40035.4,1330361839,102.63,-7.03,967.31
957,827.1,878.05,784.06,837.46,1878634,55513.6,1527081270,93.99,10.36,812.87
958,881.56,894.5,833.76,848.65,1220068,32141,1057686944,60.74,-32.91,866.91
959,908.52,931.32,866.67,893.7,963925,31886.4,859892114,64.65,-14.82,892.07
960,914.82,927.66,899.12,917.32,1338933,24664.6,1224768466,28.54,2.5,914.73
961,939.21,961.91,924.35,946.08,647147,20670.4,611419837,37.56,6.87,944.79
962,953.74,964.46,929.21,941.54,646929,22069.8,614438860.4,35.25,-12.2,949.78
963,929.25,936.11,904.8,913.48,1222347,22329.8,1122779564,31.31,-15.77,918.54
964,868.38,880.38,843.54,854.78,953730,30895.4,819016712,36.84,-13.6,858.75
965,885.34,911.04,875.3,898.47,1237894,27132.2,1115219340,35.74,13.13,900.9
966,999.4,1025.25,989.48,1009.58,651712,20198.6,657656710.8,35.77,10.18,1009.12
967,996.22,1013.45,971.49,989.17,958487,22664,959203024.8,41.96,-7.05,1000.75
968,986.79,1006.56,970.83,995.09,1011253,30719.6,998282874.2,35.73,8.3,987.17
969,1031.77,1051.87,1020.79,1037.26,672795,22926.2,696933634.2,31.08,5.49,1035.88
970,1071.66,1093.48,1061.23,1078.33,816929,18959.6,873567785.6,32.25,6.67,1069.33
971,1110.84,1121.39,1101.06,1109.67,422149,15595.8,468725075.6,20.33,-1.17,1110.33
972,1070.66,1086.47,1052.99,1070.76,670108,18781.2,716774159,33.48,0.100000000000001,1069.64
973,1135.6,1143.52,1119.11,1129.66,939444,27057.8,1064087572,24.41,-5.94,1132.68
974,1077.09,1084.73,1051.74,1062.72,707084,20883,752354360.6,32.99,-14.37,1064.02
975,1032.54,1049.42,1013.25,1031.15,733075,21039.8,757478246.4,36.17,-1.39,1033.29
976,1058.01,1068.02,1044.65,1055.15,571073,16457.6,604354070.8,23.37,-2.86,1058.28
977,1050,1067.26,1042.19,1060.34,547692,14988.2,576675160.2,25.07,10.34,1052.92
978,1113.2,1127.23,1100.75,1116.26,451535,14667.6,503138994.6,26.48,3.06,1114.29
979,1122.05,1140.07,1112.56,1125.45,481616,15471.8,542763159.2,27.51,3.4,1126.96
980,1100.78,1111.99,1087.83,1097.24,307452,9041,338740770.2,24.16,-3.54,1101.77
981,1080.75,1090.38,1061.3,1072.59,380430,9117.8,410743211.4,29.08,-8.16,1079.68
982,1046.3,1056.45,1031.44,1041.25,338006,13340.6,353534155.4,25.01,-5.05,1045.94
983,1072,1091.33,1068.42,1083.3,470501,11336.4,504601667.2,22.91,11.3,1072.48
984,1177.45,1199.04,1165.34,1189.04,922636,22473.2,1114005159,33.7,11.59,1207.42
985,1204.85,1216.91,1180.26,1196.1,410425,12627.8,492211720.2,36.65,-8.75,1199.27
986,1231.4,1243.52,1217.4,1230.57,353531,11152.4,435264053,26.12,-0.83,1231.19
987,1206.42,1219.16,1186.39,1205.13,368899,11148.2,443967314,32.77,-1.29,1203.49
988,1261.95,1289.26,1258.36,1284.77,612733,25166,785949009,30.9,22.82,1282.69
989,1368.08,1388.54,1356.85,1376.77,499645,18514.2,686730836.6,31.69,8.69,1374.44
990,1396.71,1412.24,1377.88,1397.94,400512,15208.2,559859002.2,34.36,1.23,1397.86
991,1429.26,1447.17,1406.76,1428.4,419195,16642.4,597564646,40.41,-0.86,1425.51
992,1396.62,1406.54,1373.36,1383.51,441010,20152,612141329,33.18,-13.11,1388.04
993,1386.68,1398.01,1371.6,1386.82,360175,15450.8,498726719,26.41,0.140000000000001,1384.68
994,1408.1,1422.03,1383.36,1401.86,525235,15422.2,731731232.4,38.67,-6.24,1393.15
995,1404.71,1415.97,1394.56,1409.1,336893,11776,472275815.8,21.41,4.39,1401.86
996,1434.67,1440.91,1413.38,1424.81,278625,11656.4,397559773.4,27.53,-9.86,1426.86
997,1450.17,1464.1,1436.76,1450.26,335433,15066.2,487610312.4,27.34,0.0900000000000001,1453.67
998,1483.51,1496.19,1464.54,1482.39,434010,15168,644112886,31.65,-1.12,1484.1
999,1456.63,1463.3,1422.58,1431.99,516581,17345.2,744834283,40.72,-24.64,1441.85
1000,1487.4,1527.6,1469.82,1516.35,513389,23894,778425104.6,57.78,28.95,1516.25
1001,1597.23,1617.45,1573.07,1593.92,288310,9989.6,461039761.2,44.38,-3.31,1599.11
1002,1603.65,1617.28,1581.88,1593.17,298514,10295.8,478412397.6,35.4,-10.48,1602.65
1003,1556.8,1596.47,1542.7,1565.72,585052,15397.4,921970023.8,53.77,8.92,1575.88
1004,1572.28,1582.91,1543.8,1559.82,453065,10063.6,703820355.6,39.11,-12.46,1553.46
1005,1551.96,1566.61,1532.27,1543.83,272230,12153.2,422478873,34.34,-8.13,1551.92
1006,1517.61,1531.85,1494.13,1505.01,268000,11646.2,404513017.6,37.72,-12.6,1509.38
1007,1488.12,1500.95,1464.94,1481.29,338743,14942.6,501579132.4,36.01,-6.83,1480.71
1008,1498.98,1511.97,1463.41,1484.71,386520,15232.2,576387105.8,48.56,-14.27,1491.22
1009,1416.97,1430.92,1396.18,1413.89,373893,17512.2,531021775,34.74,-3.08,1420.25
1010,1408.9,1431.17,1388.8,1416.66,293737,12028.2,413689351.4,42.37,7.76,1408.37
1011,1430.55,1457.28,1419.96,1441.28,401148,13674.4,578660940.2,37.32,10.73,1442.51
1012,1414.06,1424.24,1389.11,1403.55,377430,13496.4,531112000,35.13,-10.51,1407.18
1013,1406.52,1417.05,1397.77,1404.85,228306,12618.2,321314493.8,19.28,-1.67,1407.39
1014,1443.65,1473.82,1431.64,1460.95,401489,18777.4,585656301,42.18,17.3,1458.71
1015,1497.43,1505.46,1476.37,1489.02,365018,10189.4,541986341.2,29.09,-8.41,1484.82
1016,1512.54,1520.53,1495.19,1510.66,182491,9991.8,275800866.2,25.34,-1.88,1511.31
1017,1491.25,1499.92,1480.89,1486.14,269132,10251.6,399490153,19.03,-5.11,1484.37
1018,1480.61,1488.5,1466.87,1479.89,191592,5149.2,284250598.6,21.63,-0.72,1483.62
1019,1491.57,1506.4,1480.96,1495.68,239839,8348.2,359718590,25.44,4.11,1499.83
1020,1504.12,1506.79,1490.38,1494.97,81995,5097,122610748.6,16.41,-9.15,1495.34
1021,1514.1,1528.17,1503.75,1518.08,143256,7457.8,217493936.8,24.42,3.98,1518.22
1022,1506.05,1514.89,1496.11,1505.87,132585,6707,199370172,18.78,-0.18,1503.72
1023,1456.91,1463,1442.59,1448.07,488590,18291.8,707862247.6,20.41,-8.84,1448.79
1024,1432.11,1437.3,1416.03,1424.69,183098,13968.6,260447139,21.27,-7.42,1422.45
1025,1460.05,1485.46,1453.37,1476.46,356494,15511.8,526467168,32.09,16.41,1476.79
1026,1504.4,1521.84,1498.66,1511.65,216185,10216.2,327275598.6,23.18,7.25,1513.87
1027,1522.78,1541.44,1507.43,1524.87,258963,10251.2,396018311,34.01,2.09,1529.25
1028,1555.14,1569.44,1548.69,1562.01,142864,7128.2,222926552.6,20.75,6.87,1560.41
1029,1579.01,1590.16,1566.64,1575.84,151704,8672.6,239685148,23.52,-3.17,1579.95
1030,1561.05,1571.98,1552.65,1559.09,409586,8827.6,641346846.4,19.33,-1.96,1565.84
1031,1558.31,1570.82,1542.68,1557.33,217609,9975.2,338615687.8,28.14,-0.98,1556.07
1032,1593.01,1611.49,1578.91,1601,433866,18017,691091842.4,32.58,7.99,1592.87
1033,1590.23,1603.61,1579.23,1594.74,266717,9605,423997005,24.38,4.51,1589.69
1034,1620.82,1636.77,1612.4,1623.23,156409,8330,254112593,24.37,2.41,1624.67
1035,1678.44,1697.61,1660.49,1678.84,407931,12142.8,686863608.4,37.12,0.400000000000001,1683.77
1036,1662.84,1677.05,1628.4,1645.41,255916,10921.4,425532920,48.65,-17.43,1662.78
1037,1599.82,1609.13,1581.86,1594.21,206543,9297.6,329970818.4,27.27,-5.61,1597.59
1038,1573.4,1577.35,1554.6,1565.62,596525,10321.8,930869129.6,22.75,-7.78,1560.49
1039,1547.12,1554,1530.21,1537.81,285546,6390,435333378,23.79,-9.31,1524.56
1040,1506.23,1522.25,1493.01,1510.14,159674,12512,240053477.6,29.24,3.91,1503.4
1041,1509.65,1524.03,1495.99,1508.47,128652,6826.2,194500255.4,28.04,-1.18,1511.83
1042,1530.99,1541.75,1516.87,1527.88,381808,9750.2,583408215.8,24.88,-3.11,1528.01
1043,1493.68,1501.63,1473.78,1480.81,453717,17294,667516400.6,27.85,-12.87,1471.22
1044,1444.2,1453.37,1430.48,1444.21,235285,13767.2,339783966,22.89,0.00999999999999979,1444.14
1045,1463.44,1480.36,1457.64,1475.12,289714,12738,428954898.8,22.72,11.68,1480.62
1046,1538.6,1559.26,1529.51,1548.44,174446,10849.2,269196599.6,29.75,9.84,1543.15
1047,1553.8,1561.69,1531.97,1543.48,295527,12400.2,454946824,29.72,-10.32,1539.44
1048,1522.12,1533,1498.17,1513.2,225868,15679.8,343326717.2,34.83,-8.92,1520.03
1049,1476.54,1494.5,1456.06,1482.16,449583,19652.2,663946617.8,38.44,5.62,1476.81
1050,1512.7,1521.51,1486.38,1499.9,316743,20166.4,477146207.4,35.13,-12.8,1506.41
1051,1486.51,1516.51,1480.82,1506.39,210184,14407.8,315749425.6,35.69,19.88,1502.25
1052,1507.01,1525.01,1497.2,1513.64,204544,11891.2,309696073.8,27.81,6.63,1514.08
1053,1446.03,1460.32,1421.2,1435.68,559403,38181,798061610.6,39.12,-10.35,1426.63
1054,1340.18,1363.51,1321.66,1351.67,551473,33320,738478993,41.85,11.49,1339.1
1055,1424.46,1438,1402.72,1420.63,318454,14573.4,453811712.4,35.28,-3.83,1425.05
1056,1482.93,1493.08,1459.51,1475.82,248210,12125.6,366695061.6,33.57,-7.11,1477.36
1057,1452.63,1463.05,1434.02,1452.79,287663,15653.4,414464618.6,29.03,0.16,1440.8
1058,1570.01,1609.1,1539.55,1567.52,973947,44767.4,1587660525,69.55,-2.49,1630.13
1059,1487.96,1496.79,1464.88,1472.95,426032,24901.8,629140404.8,31.91,-15.01,1476.74
1060,1363.25,1374.89,1338.16,1358.64,995204,30926.8,1352025622,36.73,-4.61,1358.54
1061,1370.54,1389.71,1361.88,1380.78,284657,17720.4,392484063.8,27.83,10.24,1378.8
1062,1347.76,1359.63,1323.96,1337.6,353975,23712.8,473106465.6,35.67,-10.16,1336.55
1063,1322.18,1326.03,1298.49,1312.26,336986,18183.8,441843857.6,27.54,-9.92,1311.16
1064,1303.54,1321.73,1295.14,1308.82,279963,16119.4,367035946.8,26.59,5.28,1311.02
1065,1368.34,1385.28,1361.7,1375.18,463529,13575.6,634398429.4,23.58,6.84,1368.63
1066,1381.06,1390.27,1370.33,1380.42,136275,8003.4,188133192.6,19.94,-0.64,1380.54
1067,1344.31,1356.89,1334.6,1346.69,279501,12367.2,374228707.8,22.29,2.38,1338.92
1068,1304.69,1322.63,1293.27,1307.39,345353,17393,451530461,29.36,2.7,1307.45
1069,1341.2,1354.48,1334.53,1344.56,206173,10775.2,278028592.2,19.95,3.36,1348.52
1070,1345.96,1360.64,1336.58,1350.5,216502,7981,292327301.8,24.06,4.54,1350.23
1071,1387.9,1399.25,1380.13,1392.3,331287,12296.4,460314634.8,19.12,4.4,1389.47
1072,1360.67,1371.28,1346.04,1353.61,396242,12989.4,538117660.2,25.24,-7.06,1358.05
1073,1374.9,1388.87,1368.94,1381.64,352757,14006,487670838.2,19.93,6.74,1382.46
1074,1421.59,1432,1412.43,1425.9,393466,13677.8,562157009.8,19.57,4.31,1428.73
1075,1436.49,1450.77,1425.69,1443.4,182065,6336,263097097,25.08,6.91,1445.07
1076,1490.04,1502.78,1484.83,1498.82,208497,7355.4,310993079.4,17.95,8.78,1491.59
1077,1477.54,1487.58,1465.1,1472.92,263731,11226.2,388798379.2,22.48,-4.62,1474.22
1078,1457.81,1479.45,1451.67,1469.57,390234,11398.8,573136286.2,27.78,11.76,1468.7
1079,1485.82,1500.93,1483.49,1492.39,387902,12744,580132645.8,17.44,6.57,1495.56
1080,1501.51,1522.68,1494.55,1509.27,326008,12023.6,492148076.8,28.13,7.76,1509.62
1081,1499.17,1510.08,1480.79,1494.38,177414,11323.8,265968037.6,29.29,-4.79,1499.14
1082,1404.93,1424.02,1390.66,1406.41,169066,13975.8,238843181.6,33.36,1.48,1412.72
1083,1425.1,1439,1415.88,1429.7,93040,6183,132643638.8,23.12,4.6,1425.66
1084,1411.99,1428.44,1403.92,1418.25,196158,11374.4,279829216.6,24.52,6.26,1426.55
1085,1451.71,1463.27,1444.63,1450.28,167028,8438,243141213.8,18.64,-1.43,1455.69
1086,1465.8,1485.43,1462.2,1474.69,306793,5666.6,461901511.8,23.23,8.89,1505.58
1087,1506.73,1518.52,1499.21,1507.34,244931,9175.8,369659293.4,19.31,0.61,1509.24
1088,1573.77,1611.43,1568.35,1600.44,537974,26021.8,861160727.8,43.08,26.67,1600.75
1089,1609.53,1615.54,1598.92,1604.15,644904,5622,1040201900,16.62,-5.38,1612.96
1090,1605.75,1619.04,1599.13,1609.85,244225,6330.6,393011057,19.91,4.1,1609.22
1091,1609.12,1620.19,1604.19,1612.09,173219,11472.4,279670543.6,16,2.97,1614.55
1092,1631.93,1647.11,1627.9,1640.86,1967111,13796.6,3193916309,19.21,8.93,1623.66
1093,1635.15,1648.62,1618.11,1632.54,78389,4156.8,128230387.8,30.51,-2.61,1635.82
1094,1611.06,1627.75,1604.2,1619.33,110383,7168.6,178587867.6,23.55,8.27,1617.89
1095,1628.65,1643.15,1616.35,1629.52,118099,5971.2,192637554.6,26.8,0.87,1631.15
1096,1595.58,1606.83,1576.75,1590.31,170700,11774.2,271603779,30.08,-5.27,1591.12
1097,1601.51,1617.99,1585.86,1606.27,181641,10008.2,291752231,32.13,4.76,1606.2
1098,1660.26,1679.07,1650.95,1664.21,240470,7748,400080970.2,28.12,3.95,1663.75
1099,1619.03,1635.94,1592.66,1612.78,208389,10630.8,336186195.8,43.28,-6.25,1613.26
1100,1648.12,1663.89,1634.46,1653.35,95729,6401.6,157804868,29.43,5.23,1648.45
1101,1661.41,1671.09,1653.01,1664.36,68867,4686.8,114624090.4,18.08,2.95,1664.43
1102,1637.36,1651.16,1622.15,1632.19,107995,9170.4,176301146.4,29.01,-5.17,1632.49
1103,1598.81,1608.28,1585.74,1592.95,81172,5654,129588167,22.54,-5.86,1596.46
1104,1614.32,1631.22,1607.76,1618.5,188114,9596.4,304136237.6,23.46,4.18,1616.77
1105,1565.68,1581.2,1546.54,1559.65,200058,10460.2,312471286.2,34.66,-6.03,1561.9
1106,1571.05,1579.84,1556.45,1568.04,85254,4337.8,133640305.8,23.39,-3.01,1567.55
1107,1579.08,1598.41,1578.31,1590.82,145717,8150.4,232084421.6,20.1,11.74,1592.71
1108,1650.66,1670.48,1646.62,1665.39,170107,8777.6,282946961,23.86,14.73,1663.35
1109,1679.06,1687.35,1662.36,1671.31,186409,9261.6,311683208.6,24.99,-7.75,1672.04
1110,1672.42,1683.47,1663.87,1675.82,199675,6616.4,333600589.6,19.6,3.4,1670.72
1111,1677.17,1696.23,1668.53,1683.83,323233,12905.6,542013164,27.7,6.66,1676.85
1112,1649,1660.04,1639.32,1652.35,232385,10842,383965807,20.72,3.35,1652.28
1113,1658.03,1661.5,1641.41,1650.87,134542,7341.4,222211391.4,20.09,-7.16,1651.61
1114,1631.69,1634.76,1616.13,1623.62,127203,6748.2,206714968.6,18.63,-8.07,1625.08
1115,1624.58,1630.97,1611.97,1618.7,142926,10677.6,231078204.2,19,-5.88,1616.77
1116,1608.15,1616.31,1600.45,1606.4,174327,10180.6,280504529.8,15.86,-1.75,1609.07
1117,1598.98,1610.59,1590.49,1598.19,150757,10916.6,241055600.4,20.1,-0.79,1598.97
1118,1622.05,1635.9,1614.55,1626.97,698217,14910.6,1137848854,21.35,4.92,1629.65
1119,1674.35,1693.82,1662.67,1678.22,528844,16159.4,901902567.8,31.15,3.87,1705.42
1120,1691.19,1701.15,1668.48,1678.75,379195,20177,636868780,32.67,-12.44,1679.53
1121,1655.71,1666.79,1636,1649.47,462237,23234.6,763588369.6,30.79,-6.24,1651.94
1122,1683.06,1691.67,1673.76,1681.02,400361,16465.4,673691939.4,17.91,-2.04,1682.71
1123,1676.35,1685.25,1662.69,1671.26,370579,18059,616332162.6,22.56,-5.09,1663.16
1124,1644.99,1657.93,1636.55,1647.11,323966,21390.8,533470185.6,21.38,2.12,1646.69
1125,1640.61,1643.48,1624.24,1633.35,235384,15637.2,383849649.6,19.24,-7.26,1630.74
1126,1594.47,1602.88,1585.56,1593.01,364953,15187.4,581285050.2,17.32,-1.46,1592.77
1127,1580.26,1588.01,1569.48,1579.04,888952,19953,1399678477,18.53,-1.22,1574.53
1128,1585.17,1588.99,1568.26,1577,604067,28894.6,952040656.2,20.73,-8.17,1576.05
1129,1611.28,1625.15,1603.36,1620.06,563483,24798.8,911058484.6,21.79,8.78,1616.83
1130,1635.52,1644.97,1619.38,1628.04,763717,37075.8,1227805035,25.59,-7.48,1607.67
1131,1540.36,1549.24,1525.7,1535.87,751364,43434.6,1159207917,23.54,-4.49,1542.8
1132,1524.51,1537.52,1514.31,1524.82,669041,26945.4,1024933842,23.21,0.31,1531.94
1133,1534.69,1539.65,1523.81,1532.67,485687,16607.2,744071489.6,15.84,-2.02,1532
1134,1537.01,1542.32,1521.7,1528.45,630833,24290.6,966741277,20.62,-8.56,1532.48
1135,1503.54,1510.28,1484.33,1491.69,756276,38254.2,1125589870,25.95,-11.85,1488.33
1136,1481.21,1490.03,1470.19,1479.35,407266,17999.8,603423720.6,19.84,-1.86,1481.65
1137,1491.39,1495.71,1481.17,1490.33,394120,17970,586141228.4,14.54,-1.06,1487.22
1138,1500.42,1507.34,1495.25,1501.38,411190,17080.6,617726727.4,12.09,0.96,1502.29
1139,1513.74,1522.39,1509.1,1517.79,341341,10599.2,519710633.2,13.29,4.05,1522.56
1140,1556.53,1569.6,1545.04,1562.48,942463,32671.8,1483931769,24.56,5.95,1574.53
1141,1635.33,1645.35,1625.43,1637.02,710248,21780.4,1168922271,19.92,1.69,1645.79
1142,1649.08,1656.55,1637.51,1645.67,511075,17320.2,844035986.8,19.04,-3.41,1651.49
1143,1662.01,1677.77,1654.65,1669.89,541595,21122,903384492.4,23.12,7.88,1668.01
1144,1701.26,1711.16,1691.13,1703.52,833225,26104,1418680297,20.03,2.26,1702.64
1145,1681.24,1692.4,1662.9,1671.92,430024,19694.2,719700208.2,29.5,-9.32,1673.63
1146,1654.56,1668.67,1644.04,1659.07,476812,19034.8,790808881.4,24.63,4.51,1658.53
1147,1508.49,1519.22,1475.36,1480.13,2734276,96027,4087495273,43.86,-28.36,1494.91
1148,1439.79,1462.85,1424.31,1450.65,1589829,52823.6,2295347141,38.54,10.86,1443.77
1149,1459.89,1462.68,1438.62,1446.41,822426,40042,1192781599,24.06,-13.48,1450.32
1150,1401.23,1412.4,1383.86,1395.08,933261,46958,1303426673,28.54,-6.15,1396.64
1151,1425.23,1439.28,1411.1,1428.54,780364,29697.2,1113238658,28.18,3.31,1426.56
1152,1419.17,1429.71,1412.36,1418.33,752360,26994,1069297500,17.35,-0.84,1421.26
1153,1418.14,1431.62,1414.4,1427.51,423437,16369.4,603196700.6,17.22,9.37,1424.53
1154,1440.98,1456.96,1435.24,1447.05,917370,32593.6,1328892998,21.72,6.07,1448.59
1155,1448.24,1456.77,1435.81,1446.85,636753,17770.6,922947427.2,20.96,-1.39,1449.46
1156,1434,1449.35,1431.74,1440.77,932201,25510.2,1343571603,17.61,6.77,1441.29
1157,1489.39,1509.47,1485.61,1501.99,945084,30592.2,1432430815,23.86,12.6,1515.67
1158,1537.12,1540.51,1524.18,1528.86,479190,17761.6,730384196.4,16.33,-8.26,1524.21
1159,1512.29,1529.73,1492.9,1510.96,706914,26497.6,1070130457,36.83,-1.33,1513.81
1160,1517.18,1528.38,1508.68,1515.44,326883,11112,495874097,19.7,-1.74,1516.98
1161,1518.58,1526.48,1506.05,1512.61,401946,19808.6,608392913.8,20.43,-5.97,1513.62
1162,1454.83,1465.5,1438.77,1448.47,566530,28227.2,821157092.6,26.73,-6.36,1449.45
1163,1455.58,1466.88,1450.26,1461.72,314094,12389.2,457930780.8,16.62,6.14,1457.94
1164,1504.46,1523.84,1498.06,1515.03,876138,26444.8,1325248708,25.78,10.57,1512.6
1165,1531.38,1555.08,1500.62,1530.32,982017,30147.2,1510355949,54.46,-1.06,1538.01
1166,1566.92,1577.67,1554.99,1566.56,738569,21827.2,1158379359,22.68,-0.36,1568.41
1167,1606.22,1629.5,1599.49,1622.82,1263255,41639.2,2053351618,30.01,16.6,1625.45
1168,1680.61,1698.02,1667.74,1688.88,1079794,30120.6,1812129337,30.28,8.27,1678.22
1169,1728.79,1740.13,1710.38,1722.76,825537,26973.8,1422957262,29.75,-6.03,1723.67
1170,1644.65,1651.34,1622.83,1633.49,968437,35464.8,1587035749,28.51,-11.16,1638.76
1171,1618.02,1628.46,1609.1,1617.59,772420,26773.2,1251375259,19.36,-0.43,1620.07
1172,1615.8,1633.69,1599.42,1619.52,714020,22253.2,1160378632,34.27,3.72,1625.13
1173,1616.91,1642.53,1611.54,1627.81,1150330,31509.8,1872222507,30.99,10.9,1627.55
1174,1630.29,1644.5,1612.5,1626.53,715654,23931.2,1163383115,32,-3.76,1625.62
1175,1626.98,1638.47,1616.06,1627.29,877247,28983.4,1434481499,22.41,0.31,1635.21
1176,1630.7,1640.11,1625.65,1632.17,590965,17182.2,966541945.4,14.46,1.47,1635.53
1177,1643.83,1647.68,1627.35,1634.21,710183,15652.8,1160805177,20.33,-9.62,1634.52
1178,1638.87,1646.06,1632.38,1641.9,422790,13990.4,693197154.4,13.68,3.03,1639.58
1179,1656.66,1665.47,1648.44,1659.46,390909,17210,648592075,17.03,2.8,1659.19
1180,1699.4,1721.27,1695.67,1714.52,740624,26066.2,1280335088,25.6,15.12,1728.72
1181,1766.91,1777.52,1751.4,1762.89,1006921,19152.4,1776798516,26.12,-4.02,1764.59
1182,1675.54,1695.02,1655.86,1667.21,1636253,22998.2,2765767725,39.16,-8.33,1690.31
1183,1661.9,1675.32,1647.16,1663.83,476137,15747,792253828.4,28.16,1.93,1663.92
1184,1696.28,1717.03,1683.64,1699.47,573956,20855.4,982703100.6,33.39,3.19,1712.16
1185,1732.15,1757.61,1724.58,1742.74,792275,17367.4,1379660333,33.03,10.59,1741.39
1186,1735.25,1749.94,1716.04,1735.95,272959,11191.8,473056252.4,33.9,0.7,1733.07
1187,1756.48,1769.86,1737.91,1747.96,370187,16201.4,650810937,31.95,-8.52,1758.06
1188,1712.71,1732.96,1695.76,1712.61,313813,14993.6,537055487.2,37.2,-0.1,1711.39
1189,1784.86,1802.61,1767.52,1783.97,466650,17766.2,830089537.6,35.09,-0.89,1778.83
1190,1822.32,1838.65,1808.32,1830.58,323494,12848.4,590676007.8,30.33,8.26,1825.93
1191,1859.6,1871.77,1851.65,1863.4,180776,8029.4,336820810.2,20.12,3.8,1863.19
1192,1840.36,1848.53,1819.38,1834.87,150969,7790.4,277189819.4,29.15,-5.49,1836.07
1193,1791.93,1804.76,1781.45,1792.06,182498,10755.6,327191525.2,23.31,0.13,1792.85
1194,1783.06,1797.71,1764.35,1775.25,198447,8419.4,352283676.4,33.36,-7.81,1775.2
1195,1704.18,1711.12,1680.2,1688.69,611374,13330.8,1040836623,30.92,-15.49,1702.45
1196,1646.74,1655.1,1633.5,1641.31,309585,11361.8,507170220.4,21.6,-5.43,1638.23
1197,1656.91,1669.74,1636.56,1654.48,961761,21216.8,1592359993,33.18,-2.43,1655.67
1198,1665.06,1681.39,1659.37,1673.74,543428,9119.8,915656245.2,22.02,8.68,1684.96
1199,1704.69,1723.34,1692.85,1714.89,218418,9503.8,373710950.4,30.49,10.2,1710.99
1200,1712.56,1725.46,1699.48,1710.44,236357,8825.2,405444044,25.98,-2.12,1715.39
1201,1706.96,1720.99,1693,1709.62,223394,7972.6,379037213.4,27.99,2.66,1696.72
1202,1680.02,1702.82,1675.25,1696.29,369543,13504.8,624939902.4,27.57,16.27,1691.12
1203,1703.03,1713.85,1685.37,1696.25,275431,11632.4,467660708.8,28.48,-6.78,1697.92
1204,1696.44,1711.46,1689.51,1699.91,301627,12939,514321276.4,21.95,3.47,1705.16
1205,1747.6,1767.81,1743.93,1763.06,124926,7207.2,219389982.8,23.88,15.46,1756.16
1206,1810.95,1831.66,1794.84,1809.69,399675,16608.8,724499037.6,36.82,-1.26,1812.72
1207,1775.69,1801.39,1768.12,1787.07,378500,10661.6,671662916.6,33.27,11.38,1774.54
1208,1834.59,1853.93,1824.13,1844.29,483993,13888.8,895977401.2,29.8,9.7,1851.22
1209,1933.07,1951.12,1912.49,1927.85,642867,20018.2,1247689239,38.63,-5.22,1940.82
1210,1923.62,1937.74,1914.75,1922.42,263082,9687,506338516.6,22.99,-1.2,1924.64
1211,1929.34,1944.42,1912.97,1929.65,212426,5835.8,411276795.4,31.45,0.31,1936.09
1212,1930.12,1944.95,1916,1928,382561,10613.8,738585904,28.95,-2.12,1930.64
1213,1924.38,1938.65,1916.35,1926.94,261081,9941.6,503257449,22.3,2.56,1927.59
1214,1931.13,1941.5,1914.85,1931.36,435191,13822.4,838932067,26.65,0.23,1927.73
1215,1947.4,1969.11,1939.3,1954.85,647596,20314.8,1265511410,29.81,7.45,1954.17
1216,1945.81,1956.28,1934.66,1941.95,228826,11555.8,445119996,21.62,-3.86,1945.23
1217,1935,1950.06,1927.79,1942.36,421578,10903.8,815780895.6,22.27,7.36,1935.07
1218,1986.92,2004.4,1977.24,1995.76,676953,14438.8,1335474683,27.16,8.84,1972.77
1219,1998.09,2009.12,1985.47,1991.96,657768,12761.6,1318039814,23.65,-6.13,2003.81
1220,1994.31,2005.91,1985.8,1997.02,519442,7447.4,1038961098,20.11,2.71,2000.15
1221,1991.63,2005.59,1976.12,1987.14,867533,16745,1729875729,29.47,-4.49,1994.02
1222,2015.55,2023.7,2002.73,2011.58,565939,13476.2,1136853919,20.97,-3.97,2008.79
1223,2015.46,2028.06,2004.34,2014.22,437199,12879.8,881796859,23.72,-1.24,2016.92
1224,1980.23,1994.75,1971.33,1984.81,476754,13487.2,943718525.2,23.42,4.58,1979.47
1225,1992.74,2002.46,1978.17,1987.12,558186,13064.8,1108486146,24.29,-5.62,1985.87
1226,1784.21,1789.68,1769.24,1776.1,544389,21967.4,781744506,20.44,-8.11,1436
1227,955.62,960.81,947.07,951.67,404025,16815,385286097.2,13.74,-3.95,953.62
1228,968.52,971,959.22,964.16,421086,13030.4,406083191.8,11.78,-4.36,964.37
1229,966.93,971.19,962.79,967.01,588972,15948.6,569574388,8.4,0.0800000000000001,967.07
1230,966.84,970.52,958.37,963.09,727344,18227.6,702053275.2,12.15,-3.75,965.23
1231,949.82,959.12,944.13,952.31,1019174,21256,972059277.4,14.99,2.49,953.77
1232,970.57,979.69,965.53,975.34,1326704,15603.2,1294814077,14.16,4.77,975.96
1233,975.77,985.79,974.17,981.87,742391,20775.8,730167190.6,11.62,6.1,983.53
1234,1005.93,1014.35,997.33,1003.35,666181,22314.8,671693240.2,17.02,-2.58,1008.27
1235,998.68,1008.88,993.95,1000.02,576236,19747.4,575325877.4,14.93,1.34,998.42
1236,984.69,991.78,979.12,985.87,751833,16593.8,741468403.4,12.66,1.18,986.21
1237,986.06,994.61,981,990.72,907005,16603.6,897284066,13.61,4.66,989.28
1238,997.3,1005.18,991.19,998.45,748915,16521.2,750184441.2,13.99,1.15,1001.7
1239,1002.81,1011.95,995.22,1002.5,960723,16957.4,966415825,16.73,-0.31,1005.93
1240,993.93,1003.15,990.97,998.78,620972,15981.6,618696705.4,12.18,4.85,996.34
1241,995.11,1002.16,991.52,996.69,584341,18154.2,582451529.6,10.64,1.58,996.77
1242,987.94,992.94,982.23,986.3,949004,20031,936351897.6,10.71,-1.64,986.67
1243,993.25,997.45,987.73,993.63,390958,12549,387718360.2,9.72,0.38,991.71
1244,988.99,994.55,979.66,984.76,1074067,23026.4,1050807111,14.89,-4.23,978.34
1245,946.48,950.15,936.89,941.67,3930546,29937,3724607525,13.26,-4.81,947.61
1246,929.54,936.45,918.91,927.21,1963726,25913.4,1823909889,17.54,-2.33,928.8
1247,921.31,933.12,915.06,926.16,1476262,34747.2,1367399885,18.06,4.85,926.26
1248,940.66,951.14,928.85,935.74,949236,22712.8,893340957.4,22.29,-4.92,941.12
1249,941.38,946.22,935.22,937.41,1749865,25140,1648227181,11,-3.97,941.92
1250,918.91,928.09,912.15,920.36,2533488,20369.2,2326394354,15.94,1.45,918.26
1251,917.35,924.55,910.966666666667,917.266666666667,1585906,20365.6666666667,1458474321,13.5833333333333,-0.083333333,919.65
1252,,,,922.84,,,,,,
1253,,,,923.9181,,,,,,
1254,,,,924.9962,,,,,,
1255,,,,926.0743,,,,,,
1256,,,,927.1525,,,,,,
1257,,,,928.2306,,,,,,
1258,,,,929.3087,,,,,,
1259,,,,930.3868,,,,,,
1260,,,,931.4649,,,,,,
1261,,,,932.543,,,,,,
1262,,,,933.6211,,,,,,
1263,,,,934.6992,,,,,,
1264,,,,935.7774,,,,,,
1265,,,,936.8555,,,,,,
1266,,,,937.9336,,,,,,
1267,,,,939.0117,,,,,,
1268,,,,940.0898,,,,,,
1269,,,,941.1679,,,,,,
1270,,,,942.246,,,,,,
1271,,,,943.3242,,,,,,
1272,,,,944.4023,,,,,,
1273,,,,945.4804,,,,,,
1274,,,,946.5585,,,,,,
1275,,,,947.6366,,,,,,
1276,,,,948.7147,,,,,,
1277,,,,949.7928,,,,,,
1278,,,,950.871,,,,,,
1279,,,,951.9491,,,,,,
1280,,,,953.0272,,,,,,
1281,,,,954.1053,,,,,,
1282,,,,955.1834,,,,,,
1283,,,,956.2615,,,,,,
1284,,,,957.3396,,,,,,
1285,,,,958.4177,,,,,,
1286,,,,959.4959,,,,,,
1287,,,,960.574,,,,,,
1288,,,,961.6521,,,,,,
1289,,,,962.7302,,,,,,
1290,,,,963.8083,,,,,,
1291,,,,964.8864,,,,,,
1292,,,,965.9645,,,,,,
1293,,,,967.0426,,,,,,
1294,,,,968.1208,,,,,,
1295,,,,969.1989,,,,,,
1296,,,,970.277,,,,,,
1297,,,,971.3551,,,,,,
1298,,,,972.4332,,,,,,
1299,,,,973.5113,,,,,,
1300,,,,974.5894,,,,,,
1301,,,,975.6675,,,,,,
1302,,,,976.7457,,,,,,
1303,,,,977.8238,,,,,,
1304,,,,978.9019,,,,,,
1305,,,,980.54,,,,,,
